band_name,study_city_label,claimed_formation_place,origin_review_status,origin_alignment,origin_evidence_url,origin_confidence,spotify_id,spotify_name_prior,spotify_expected_name,musicbrainz_id,wikidata_id,catalogue_source,selection_source,notes,uk_population_rank,fua_code,official_fua_name,population_year,population,territorial_definition,source_dataset_url,catalogue_review_ready,band,city,spotify_name,monthly_listeners,followers,world_rank,stats_extracted_at_utc,source,source_access
Blur,London,London,reviewed,existing_catalogue,https://musicbrainz.org/artist/ba853904-ae25-4ebb-89d6-c44cfbd71bd2,high,7MhMgCo0Bl0Kukl93PZbYS,Blur,Blur,ba853904-ae25-4ebb-89d6-c44cfbd71bd2,,reused balanced 100-band catalogue,existing_shortlist,,1,UK001F,London,2024,12666099,OECD/EU Functional Urban Area,https://data-explorer.oecd.org/vis?df%5Bag%5D=OECD.CFE.EDS&df%5Bds%5D=dsDisseminateFinalDMZ&df%5Bid%5D=DSD_FUA_DEMO%40DF_AGE_SEX&lc=en,True,Blur,London,Blur,14009757,4274924,0,2026-07-18T20:40:00.993779+00:00,Spotify web-player queryArtistOverview,undocumented read-only web-client endpoint
Coldplay,London,London,reviewed,existing_catalogue,https://musicbrainz.org/artist/cc197bad-dc9c-440d-a5b5-d52ba2e14234,high,4gzpq5DPGxSnKTe4SA8HAU,Coldplay,Coldplay,cc197bad-dc9c-440d-a5b5-d52ba2e14234,,reused balanced 100-band catalogue,existing_shortlist,,1,UK001F,London,2024,12666099,OECD/EU Functional Urban Area,https://data-explorer.oecd.org/vis?df%5Bag%5D=OECD.CFE.EDS&df%5Bds%5D=dsDisseminateFinalDMZ&df%5Bid%5D=DSD_FUA_DEMO%40DF_AGE_SEX&lc=en,True,Coldplay,London,Coldplay,92034104,64732379,11,2026-07-18T20:40:00.993779+00:00,Spotify web-player queryArtistOverview,undocumented read-only web-client endpoint
Fleetwood Mac,London,London,reviewed,existing_catalogue,https://musicbrainz.org/artist/bd13909f-1c29-4c27-a874-d4aaf27c5b1a,high,08GQAI4eElDnROBrJRGE0X,Fleetwood Mac,Fleetwood Mac,bd13909f-1c29-4c27-a874-d4aaf27c5b1a,,reused balanced 100-band catalogue,agent_addition,,1,UK001F,London,2024,12666099,OECD/EU Functional Urban Area,https://data-explorer.oecd.org/vis?df%5Bag%5D=OECD.CFE.EDS&df%5Bds%5D=dsDisseminateFinalDMZ&df%5Bid%5D=DSD_FUA_DEMO%40DF_AGE_SEX&lc=en,True,Fleetwood Mac,London,Fleetwood Mac,50959935,15546243,66,2026-07-18T20:40:00.993779+00:00,Spotify web-player queryArtistOverview,undocumented read-only web-client endpoint
Florence and the Machine,London,London,reviewed,existing_catalogue,https://musicbrainz.org/artist/5fee3020-513b-48c2-b1f7-4681b01db0c6,high,1moxjboGR7GNWYIMWsRjgG,Florence + The Machine,Florence + The Machine,5fee3020-513b-48c2-b1f7-4681b01db0c6,,reused balanced 100-band catalogue,existing_shortlist,,1,UK001F,London,2024,12666099,OECD/EU Functional Urban Area,https://data-explorer.oecd.org/vis?df%5Bag%5D=OECD.CFE.EDS&df%5Bds%5D=dsDisseminateFinalDMZ&df%5Bid%5D=DSD_FUA_DEMO%40DF_AGE_SEX&lc=en,True,Florence and the Machine,London,Florence + The Machine,25836943,7587105,296,2026-07-18T20:40:00.993779+00:00,Spotify web-player queryArtistOverview,undocumented read-only web-client endpoint
Led Zeppelin,London,London,reviewed,existing_catalogue,https://musicbrainz.org/artist/678d88b2-87b0-403b-b63d-5da7465aecc3,high,36QJpDe2go2KgaRleHCDTp,Led Zeppelin,Led Zeppelin,678d88b2-87b0-403b-b63d-5da7465aecc3,,reused balanced 100-band catalogue,agent_addition,,1,UK001F,London,2024,12666099,OECD/EU Functional Urban Area,https://data-explorer.oecd.org/vis?df%5Bag%5D=OECD.CFE.EDS&df%5Bds%5D=dsDisseminateFinalDMZ&df%5Bid%5D=DSD_FUA_DEMO%40DF_AGE_SEX&lc=en,True,Led Zeppelin,London,Led Zeppelin,20605707,16927470,426,2026-07-18T20:40:00.993779+00:00,Spotify web-player queryArtistOverview,undocumented read-only web-client endpoint
Pink Floyd,London,London,reviewed,existing_catalogue,https://musicbrainz.org/artist/83d91898-7763-47d7-b03b-b92132375c47,high,0k17h0D3J5VfsdmQ1iZtE9,Pink Floyd,Pink Floyd,83d91898-7763-47d7-b03b-b92132375c47,,reused balanced 100-band catalogue,popularity_first_replacement,Replaces The Kinks after comparison with the audited popularity-first catalogue.,1,UK001F,London,2024,12666099,OECD/EU Functional Urban Area,https://data-explorer.oecd.org/vis?df%5Bag%5D=OECD.CFE.EDS&df%5Bds%5D=dsDisseminateFinalDMZ&df%5Bid%5D=DSD_FUA_DEMO%40DF_AGE_SEX&lc=en,True,Pink Floyd,London,Pink Floyd,26546155,24145634,0,2026-07-18T20:45:22.974241+00:00,Spotify web-player queryArtistOverview,undocumented read-only web-client endpoint
Queen,London,London,reviewed,existing_catalogue,https://musicbrainz.org/artist/0383dadf-2a4e-4d10-a46a-e9e041da8eb3,high,1dfeR4HaWDbWqFHLkxsg1d,Queen,Queen,0383dadf-2a4e-4d10-a46a-e9e041da8eb3,,reused balanced 100-band catalogue,agent_addition,,1,UK001F,London,2024,12666099,OECD/EU Functional Urban Area,https://data-explorer.oecd.org/vis?df%5Bag%5D=OECD.CFE.EDS&df%5Bds%5D=dsDisseminateFinalDMZ&df%5Bid%5D=DSD_FUA_DEMO%40DF_AGE_SEX&lc=en,True,Queen,London,Queen,51601234,58004701,64,2026-07-18T20:40:00.993779+00:00,Spotify web-player queryArtistOverview,undocumented read-only web-client endpoint
The Clash,London,London,reviewed,existing_catalogue,https://musicbrainz.org/artist/8f92558c-2baa-4758-8c38-615519e9deda,high,3RGLhK1IP9jnYFH4BRFJBS,The Clash,The Clash,8f92558c-2baa-4758-8c38-615519e9deda,,reused balanced 100-band catalogue,popularity_first_replacement,Replaces The Who after comparison with the audited popularity-first catalogue.,1,UK001F,London,2024,12666099,OECD/EU Functional Urban Area,https://data-explorer.oecd.org/vis?df%5Bag%5D=OECD.CFE.EDS&df%5Bds%5D=dsDisseminateFinalDMZ&df%5Bid%5D=DSD_FUA_DEMO%40DF_AGE_SEX&lc=en,True,The Clash,London,The Clash,14589467,3508323,0,2026-07-18T20:45:22.974241+00:00,Spotify web-player queryArtistOverview,undocumented read-only web-client endpoint
The Police,London,London,reviewed,existing_catalogue,https://musicbrainz.org/artist/9e0e2b01-41db-4008-bd8b-988977d6019a,high,5NGO30tJxFlKixkPSgXcFE,The Police,The Police,9e0e2b01-41db-4008-bd8b-988977d6019a,,reused balanced 100-band catalogue,popularity_first_replacement,Originally replaced The Clash after catalogue comparison; The Clash was later restored in place of The Who.,1,UK001F,London,2024,12666099,OECD/EU Functional Urban Area,https://data-explorer.oecd.org/vis?df%5Bag%5D=OECD.CFE.EDS&df%5Bds%5D=dsDisseminateFinalDMZ&df%5Bid%5D=DSD_FUA_DEMO%40DF_AGE_SEX&lc=en,True,The Police,London,The Police,39887109,8458469,0,2026-07-18T20:45:22.974241+00:00,Spotify web-player queryArtistOverview,undocumented read-only web-client endpoint
The Rolling Stones,London,London,reviewed,existing_catalogue,https://musicbrainz.org/artist/b071f9fa-14b0-4217-8e97-eb41da73f598,high,22bE4uQ6baNwSHPVcDxLCe,The Rolling Stones,The Rolling Stones,b071f9fa-14b0-4217-8e97-eb41da73f598,,reused balanced 100-band catalogue,existing_shortlist,,1,UK001F,London,2024,12666099,OECD/EU Functional Urban Area,https://data-explorer.oecd.org/vis?df%5Bag%5D=OECD.CFE.EDS&df%5Bds%5D=dsDisseminateFinalDMZ&df%5Bid%5D=DSD_FUA_DEMO%40DF_AGE_SEX&lc=en,True,The Rolling Stones,London,The Rolling Stones,30690194,16651560,204,2026-07-18T20:40:00.993779+00:00,Spotify web-player queryArtistOverview,undocumented read-only web-client endpoint
Joy Division,Manchester,Manchester,reviewed,existing_catalogue,https://musicbrainz.org/artist/9a58fda3-f4ed-4080-a3a5-f457aac9fcdd,high,432R46LaYsJZV2Gmc4jUV5,Joy Division,Joy Division,9a58fda3-f4ed-4080-a3a5-f457aac9fcdd,,reused balanced 100-band catalogue,agent_addition,Joy Division's official history gives Salford; the frozen OECD crosswalk maps Salford to Manchester FUA.,2,UK008F,Manchester,2024,3595966,OECD/EU Functional Urban Area,https://data-explorer.oecd.org/vis?df%5Bag%5D=OECD.CFE.EDS&df%5Bds%5D=dsDisseminateFinalDMZ&df%5Bid%5D=DSD_FUA_DEMO%40DF_AGE_SEX&lc=en,True,Joy Division,Manchester,Joy Division,4140711,2965374,0,2026-07-18T20:40:00.993779+00:00,Spotify web-player queryArtistOverview,undocumented read-only web-client endpoint
New Order,Manchester,Manchester,reviewed,existing_catalogue,https://musicbrainz.org/artist/f1106b17-dcbb-45f6-b938-199ccfab50cc,high,0yNLKJebCb8Aueb54LYya3,New Order,New Order,f1106b17-dcbb-45f6-b938-199ccfab50cc,,reused balanced 100-band catalogue,existing_shortlist,AllMusic gives Salford; the frozen OECD crosswalk maps Salford to Manchester FUA.,2,UK008F,Manchester,2024,3595966,OECD/EU Functional Urban Area,https://data-explorer.oecd.org/vis?df%5Bag%5D=OECD.CFE.EDS&df%5Bds%5D=dsDisseminateFinalDMZ&df%5Bid%5D=DSD_FUA_DEMO%40DF_AGE_SEX&lc=en,True,New Order,Manchester,New Order,8786188,2651294,0,2026-07-18T20:40:00.993779+00:00,Spotify web-player queryArtistOverview,undocumented read-only web-client endpoint
Oasis,Manchester,Manchester,reviewed,existing_catalogue,https://musicbrainz.org/artist/39ab1aed-75e0-4140-bd47-540276886b60,high,2DaxqgrOhkeH0fpeiQq2f4,Oasis,Oasis,39ab1aed-75e0-4140-bd47-540276886b60,,reused balanced 100-band catalogue,existing_shortlist,,2,UK008F,Manchester,2024,3595966,OECD/EU Functional Urban Area,https://data-explorer.oecd.org/vis?df%5Bag%5D=OECD.CFE.EDS&df%5Bds%5D=dsDisseminateFinalDMZ&df%5Bid%5D=DSD_FUA_DEMO%40DF_AGE_SEX&lc=en,True,Oasis,Manchester,Oasis,39676473,13941515,124,2026-07-18T20:40:00.993779+00:00,Spotify web-player queryArtistOverview,undocumented read-only web-client endpoint
Simply Red,Manchester,Manchester,reviewed,existing_catalogue,https://musicbrainz.org/artist/a9100753-f539-43cf-bcc9-579566fb512e,high,1fa0cOhromAZdq2xRA4vv8,Simply Red,Simply Red,a9100753-f539-43cf-bcc9-579566fb512e,,reused balanced 100-band catalogue,agent_addition,Formally eligible group; soul-pop editorial review.,2,UK008F,Manchester,2024,3595966,OECD/EU Functional Urban Area,https://data-explorer.oecd.org/vis?df%5Bag%5D=OECD.CFE.EDS&df%5Bds%5D=dsDisseminateFinalDMZ&df%5Bid%5D=DSD_FUA_DEMO%40DF_AGE_SEX&lc=en,True,Simply Red,Manchester,Simply Red,9097250,2960800,0,2026-07-18T20:40:00.993779+00:00,Spotify web-player queryArtistOverview,undocumented read-only web-client endpoint
Take That,Manchester,Manchester,reviewed,existing_catalogue,https://musicbrainz.org/artist/24d2505b-388c-46cc-8a64-48223ea6d78d,high,1XgFuvRd7r5g0h844A5ZUQ,Take That,Take That,24d2505b-388c-46cc-8a64-48223ea6d78d,,reused balanced 100-band catalogue,agent_addition,Formally eligible group; pop editorial review.,2,UK008F,Manchester,2024,3595966,OECD/EU Functional Urban Area,https://data-explorer.oecd.org/vis?df%5Bag%5D=OECD.CFE.EDS&df%5Bds%5D=dsDisseminateFinalDMZ&df%5Bid%5D=DSD_FUA_DEMO%40DF_AGE_SEX&lc=en,True,Take That,Manchester,Take That,6539015,1517488,0,2026-07-18T20:40:00.993779+00:00,Spotify web-player queryArtistOverview,undocumented read-only web-client endpoint
The 1975,Manchester,Manchester,reviewed,existing_catalogue,https://musicbrainz.org/artist/5b6ebfe0-f72b-4902-bba9-74c8af0f1af0,high,3mIj9lX2MWuHmhNCA7LSCW,The 1975,The 1975,5b6ebfe0-f72b-4902-bba9-74c8af0f1af0,,reused balanced 100-band catalogue,existing_shortlist,AllMusic gives Wilmslow; the frozen OECD crosswalk maps Cheshire East to Manchester FUA.,2,UK008F,Manchester,2024,3595966,OECD/EU Functional Urban Area,https://data-explorer.oecd.org/vis?df%5Bag%5D=OECD.CFE.EDS&df%5Bds%5D=dsDisseminateFinalDMZ&df%5Bid%5D=DSD_FUA_DEMO%40DF_AGE_SEX&lc=en,True,The 1975,Manchester,The 1975,18915018,8582651,493,2026-07-18T20:40:00.993779+00:00,Spotify web-player queryArtistOverview,undocumented read-only web-client endpoint
The Chemical Brothers,Manchester,Manchester,reviewed,existing_catalogue,https://musicbrainz.org/artist/1946a82a-f927-40c2-8235-38d64f50d043,high,1GhPHrq36VKCY3ucVaZCfo,The Chemical Brothers,The Chemical Brothers,1946a82a-f927-40c2-8235-38d64f50d043,,reused balanced 100-band catalogue,agent_addition,,2,UK008F,Manchester,2024,3595966,OECD/EU Functional Urban Area,https://data-explorer.oecd.org/vis?df%5Bag%5D=OECD.CFE.EDS&df%5Bds%5D=dsDisseminateFinalDMZ&df%5Bid%5D=DSD_FUA_DEMO%40DF_AGE_SEX&lc=en,True,The Chemical Brothers,Manchester,The Chemical Brothers,9143502,2435363,0,2026-07-18T20:40:00.993779+00:00,Spotify web-player queryArtistOverview,undocumented read-only web-client endpoint
The Smiths,Manchester,Manchester,reviewed,existing_catalogue,https://musicbrainz.org/artist/40f5d9e4-2de7-4f2d-ad41-e31a9a9fea27,high,3yY2gUcIsjMr8hjo51PoJ8,The Smiths,The Smiths,40f5d9e4-2de7-4f2d-ad41-e31a9a9fea27,,reused balanced 100-band catalogue,existing_shortlist,,2,UK008F,Manchester,2024,3595966,OECD/EU Functional Urban Area,https://data-explorer.oecd.org/vis?df%5Bag%5D=OECD.CFE.EDS&df%5Bds%5D=dsDisseminateFinalDMZ&df%5Bid%5D=DSD_FUA_DEMO%40DF_AGE_SEX&lc=en,True,The Smiths,Manchester,The Smiths,22515532,8767855,367,2026-07-18T20:40:00.993779+00:00,Spotify web-player queryArtistOverview,undocumented read-only web-client endpoint
The Stone Roses,Manchester,Manchester,reviewed,existing_catalogue,https://musicbrainz.org/artist/b5fa29f1-6c22-4321-a488-b5f363b06b06,high,1lYT0A0LV5DUfxr6doRP3d,The Stone Roses,The Stone Roses,b5fa29f1-6c22-4321-a488-b5f363b06b06,,reused balanced 100-band catalogue,existing_shortlist,,2,UK008F,Manchester,2024,3595966,OECD/EU Functional Urban Area,https://data-explorer.oecd.org/vis?df%5Bag%5D=OECD.CFE.EDS&df%5Bds%5D=dsDisseminateFinalDMZ&df%5Bid%5D=DSD_FUA_DEMO%40DF_AGE_SEX&lc=en,True,The Stone Roses,Manchester,The Stone Roses,3488308,1863145,0,2026-07-18T20:40:00.993779+00:00,Spotify web-player queryArtistOverview,undocumented read-only web-client endpoint
The Verve,Manchester,Manchester,reviewed,existing_catalogue,https://musicbrainz.org/artist/d4d17620-fd97-4574-92a8-a2cb7e72ce42,high,2cGwlqi3k18jFpUyTrsR84,The Verve,The Verve,d4d17620-fd97-4574-92a8-a2cb7e72ce42,,reused balanced 100-band catalogue,popularity_first_replacement,Formed in Wigan within Manchester FUA; replaces Happy Mondays after comparison with the audited popularity-first catalogue.,2,UK008F,Manchester,2024,3595966,OECD/EU Functional Urban Area,https://data-explorer.oecd.org/vis?df%5Bag%5D=OECD.CFE.EDS&df%5Bds%5D=dsDisseminateFinalDMZ&df%5Bid%5D=DSD_FUA_DEMO%40DF_AGE_SEX&lc=en,True,The Verve,Manchester,The Verve,16374768,3001478,0,2026-07-18T20:45:22.974241+00:00,Spotify web-player queryArtistOverview,undocumented read-only web-client endpoint
Black Sabbath,Birmingham,Birmingham,reviewed,existing_catalogue,https://musicbrainz.org/artist/5182c1d9-c7d2-4dad-afa0-ccfeada921a8,high,5M52tdBnJaKSvOpJGz8mfZ,Black Sabbath,Black Sabbath,5182c1d9-c7d2-4dad-afa0-ccfeada921a8,,reused balanced 100-band catalogue,existing_shortlist,,3,UK002F,West Midlands urban area,2024,3247941,OECD/EU Functional Urban Area,https://data-explorer.oecd.org/vis?df%5Bag%5D=OECD.CFE.EDS&df%5Bds%5D=dsDisseminateFinalDMZ&df%5Bid%5D=DSD_FUA_DEMO%40DF_AGE_SEX&lc=en,True,Black Sabbath,Birmingham,Black Sabbath,18288641,10711277,0,2026-07-18T20:40:00.993779+00:00,Spotify web-player queryArtistOverview,undocumented read-only web-client endpoint
Dexys Midnight Runners,Birmingham,Birmingham,reviewed,existing_catalogue,https://musicbrainz.org/artist/ccce2053-7007-4c36-b1e7-f8fcf5023a12,high,4QTVePrFu1xuGM9K0kNXkk,Dexys Midnight Runners,Dexys Midnight Runners,ccce2053-7007-4c36-b1e7-f8fcf5023a12,,reused balanced 100-band catalogue,agent_addition,,3,UK002F,West Midlands urban area,2024,3247941,OECD/EU Functional Urban Area,https://data-explorer.oecd.org/vis?df%5Bag%5D=OECD.CFE.EDS&df%5Bds%5D=dsDisseminateFinalDMZ&df%5Bid%5D=DSD_FUA_DEMO%40DF_AGE_SEX&lc=en,True,Dexys Midnight Runners,Birmingham,Dexys Midnight Runners,7999321,384886,0,2026-07-18T20:40:00.993779+00:00,Spotify web-player queryArtistOverview,undocumented read-only web-client endpoint
Duran Duran,Birmingham,Birmingham,reviewed,existing_catalogue,https://musicbrainz.org/artist/1a1cd7f3-e5df-4eca-bae2-2757c9e656b5,high,0lZoBs4Pzo7R89JM9lxwoT,Duran Duran,Duran Duran,1a1cd7f3-e5df-4eca-bae2-2757c9e656b5,,reused balanced 100-band catalogue,existing_shortlist,,3,UK002F,West Midlands urban area,2024,3247941,OECD/EU Functional Urban Area,https://data-explorer.oecd.org/vis?df%5Bag%5D=OECD.CFE.EDS&df%5Bds%5D=dsDisseminateFinalDMZ&df%5Bid%5D=DSD_FUA_DEMO%40DF_AGE_SEX&lc=en,True,Duran Duran,Birmingham,Duran Duran,15134650,3958344,0,2026-07-18T20:40:00.993779+00:00,Spotify web-player queryArtistOverview,undocumented read-only web-client endpoint
ELO,Birmingham,Birmingham,reviewed,existing_catalogue,https://musicbrainz.org/artist/0c502791-4ee9-4c5f-9696-0602b721ff3b,high,7jefIIksOi1EazgRTfW2Pk,Electric Light Orchestra,Electric Light Orchestra,0c502791-4ee9-4c5f-9696-0602b721ff3b,,reused balanced 100-band catalogue,existing_shortlist,,3,UK002F,West Midlands urban area,2024,3247941,OECD/EU Functional Urban Area,https://data-explorer.oecd.org/vis?df%5Bag%5D=OECD.CFE.EDS&df%5Bds%5D=dsDisseminateFinalDMZ&df%5Bid%5D=DSD_FUA_DEMO%40DF_AGE_SEX&lc=en,True,ELO,Birmingham,Electric Light Orchestra,18330664,4748870,0,2026-07-18T20:40:00.993779+00:00,Spotify web-player queryArtistOverview,undocumented read-only web-client endpoint
Editors,Birmingham,Birmingham,reviewed,existing_catalogue,https://musicbrainz.org/artist/0efe858c-89e5-4e47-906a-356fa953fd6e,high,6e9wIFWhBPHLE9bXK8gtBI,Editors,Editors,0efe858c-89e5-4e47-906a-356fa953fd6e,,reused balanced 100-band catalogue,existing_shortlist,AllMusic independently records formation in Birmingham in 2002; members first met at Stafford University.,3,UK002F,West Midlands urban area,2024,3247941,OECD/EU Functional Urban Area,https://data-explorer.oecd.org/vis?df%5Bag%5D=OECD.CFE.EDS&df%5Bds%5D=dsDisseminateFinalDMZ&df%5Bid%5D=DSD_FUA_DEMO%40DF_AGE_SEX&lc=en,True,Editors,Birmingham,Editors,1241937,786142,0,2026-07-18T20:40:00.993779+00:00,Spotify web-player queryArtistOverview,undocumented read-only web-client endpoint
Fine Young Cannibals,Birmingham,Birmingham,reviewed,existing_catalogue,https://musicbrainz.org/artist/23b0f3d6-ba54-4597-a1c7-24c6dd348ef7,high,20p5D2KrE8CGuOjHtxsyTp,Fine Young Cannibals,Fine Young Cannibals,23b0f3d6-ba54-4597-a1c7-24c6dd348ef7,,reused balanced 100-band catalogue,popularity_first_replacement,Replaces The Spencer Davis Group after comparison with the audited popularity-first catalogue.,3,UK002F,West Midlands urban area,2024,3247941,OECD/EU Functional Urban Area,https://data-explorer.oecd.org/vis?df%5Bag%5D=OECD.CFE.EDS&df%5Bds%5D=dsDisseminateFinalDMZ&df%5Bid%5D=DSD_FUA_DEMO%40DF_AGE_SEX&lc=en,True,Fine Young Cannibals,Birmingham,Fine Young Cannibals,5309505,1018624,0,2026-07-18T20:45:22.974241+00:00,Spotify web-player queryArtistOverview,undocumented read-only web-client endpoint
Judas Priest,Birmingham,Birmingham,reviewed,existing_catalogue,https://musicbrainz.org/artist/6b335658-22c8-485d-93de-0bc29a1d0349,high,2tRsMl4eGxwoNabM08Dm4I,Judas Priest,Judas Priest,6b335658-22c8-485d-93de-0bc29a1d0349,,reused balanced 100-band catalogue,agent_addition,,3,UK002F,West Midlands urban area,2024,3247941,OECD/EU Functional Urban Area,https://data-explorer.oecd.org/vis?df%5Bag%5D=OECD.CFE.EDS&df%5Bds%5D=dsDisseminateFinalDMZ&df%5Bid%5D=DSD_FUA_DEMO%40DF_AGE_SEX&lc=en,True,Judas Priest,Birmingham,Judas Priest,4112763,4744039,0,2026-07-18T20:40:00.993779+00:00,Spotify web-player queryArtistOverview,undocumented read-only web-client endpoint
Steel Pulse,Birmingham,Birmingham,reviewed,existing_catalogue,https://musicbrainz.org/artist/37367b2f-69e4-4df2-9e64-75ca6204764b,high,6UL7BodGc5iVmQGlMwHR0g,Steel Pulse,Steel Pulse,37367b2f-69e4-4df2-9e64-75ca6204764b,,reused balanced 100-band catalogue,popularity_first_replacement,Formed in Handsworth within Birmingham FUA; replaces Ocean Colour Scene after comparison with the audited popularity-first catalogue.,3,UK002F,West Midlands urban area,2024,3247941,OECD/EU Functional Urban Area,https://data-explorer.oecd.org/vis?df%5Bag%5D=OECD.CFE.EDS&df%5Bds%5D=dsDisseminateFinalDMZ&df%5Bid%5D=DSD_FUA_DEMO%40DF_AGE_SEX&lc=en,True,Steel Pulse,Birmingham,Steel Pulse,1883347,736715,0,2026-07-18T20:45:22.974241+00:00,Spotify web-player queryArtistOverview,undocumented read-only web-client endpoint
The Moody Blues,Birmingham,Birmingham,reviewed,existing_catalogue,https://musicbrainz.org/artist/774666d2-2064-4d6c-856c-f8cda0aaf9f0,high,5BcZ22XONcRoLhTbZRuME1,The Moody Blues,The Moody Blues,774666d2-2064-4d6c-856c-f8cda0aaf9f0,,reused balanced 100-band catalogue,agent_addition,,3,UK002F,West Midlands urban area,2024,3247941,OECD/EU Functional Urban Area,https://data-explorer.oecd.org/vis?df%5Bag%5D=OECD.CFE.EDS&df%5Bds%5D=dsDisseminateFinalDMZ&df%5Bid%5D=DSD_FUA_DEMO%40DF_AGE_SEX&lc=en,True,The Moody Blues,Birmingham,The Moody Blues,2129836,1500809,0,2026-07-18T20:40:00.993779+00:00,Spotify web-player queryArtistOverview,undocumented read-only web-client endpoint
UB40,Birmingham,Birmingham,reviewed,existing_catalogue,https://musicbrainz.org/artist/7113aab7-628f-4050-ae49-dbecac110ca8,high,69MEO1AADKg1IZrq2XLzo5,UB40,UB40,7113aab7-628f-4050-ae49-dbecac110ca8,,reused balanced 100-band catalogue,existing_shortlist,,3,UK002F,West Midlands urban area,2024,3247941,OECD/EU Functional Urban Area,https://data-explorer.oecd.org/vis?df%5Bag%5D=OECD.CFE.EDS&df%5Bds%5D=dsDisseminateFinalDMZ&df%5Bid%5D=DSD_FUA_DEMO%40DF_AGE_SEX&lc=en,True,UB40,Birmingham,UB40,9327767,2783787,0,2026-07-18T20:40:00.993779+00:00,Spotify web-player queryArtistOverview,undocumented read-only web-client endpoint
Alt-J,Leeds,Leeds,reviewed,existing_catalogue,https://musicbrainz.org/artist/fc7bbf00-fbaa-4736-986b-b3ac0266ca9b,high,3XHO7cRUPCLOr6jwp8vsx5,alt-J,Alt-J,fc7bbf00-fbaa-4736-986b-b3ac0266ca9b,,reused balanced 100-band catalogue,existing_shortlist,,4,UK003F,Leeds,2024,3070506,OECD/EU Functional Urban Area,https://data-explorer.oecd.org/vis?df%5Bag%5D=OECD.CFE.EDS&df%5Bds%5D=dsDisseminateFinalDMZ&df%5Bid%5D=DSD_FUA_DEMO%40DF_AGE_SEX&lc=en,True,Alt-J,Leeds,alt-J,8110938,3499216,0,2026-07-18T20:40:00.993779+00:00,Spotify web-player queryArtistOverview,undocumented read-only web-client endpoint
Chumbawamba,Leeds,Leeds,reviewed,existing_catalogue,https://musicbrainz.org/artist/7b7b1e6f-e73e-41a0-9d72-8f0b30c6992d,medium,0TcYeHEK9sBtv7xPbKhzHz,Chumbawamba,Chumbawamba,7b7b1e6f-e73e-41a0-9d72-8f0b30c6992d,,reused balanced 100-band catalogue,agent_addition,Retained provisionally in Leeds: accounts conflict between formation in Burnley and formation in the Armley squat in Leeds; exclusion does not change Leeds's ranks.,4,UK003F,Leeds,2024,3070506,OECD/EU Functional Urban Area,https://data-explorer.oecd.org/vis?df%5Bag%5D=OECD.CFE.EDS&df%5Bds%5D=dsDisseminateFinalDMZ&df%5Bid%5D=DSD_FUA_DEMO%40DF_AGE_SEX&lc=en,True,Chumbawamba,Leeds,Chumbawamba,4700579,225650,0,2026-07-18T20:40:00.993779+00:00,Spotify web-player queryArtistOverview,undocumented read-only web-client endpoint
Gang of Four,Leeds,Leeds,reviewed,existing_catalogue,https://musicbrainz.org/artist/d8661c02-f423-4d72-8044-40ff05daf7a1,high,3AmWjMXXtBJOmNGpUFSOAl,Gang Of Four,Gang of Four,d8661c02-f423-4d72-8044-40ff05daf7a1,,reused balanced 100-band catalogue,agent_addition,,4,UK003F,Leeds,2024,3070506,OECD/EU Functional Urban Area,https://data-explorer.oecd.org/vis?df%5Bag%5D=OECD.CFE.EDS&df%5Bds%5D=dsDisseminateFinalDMZ&df%5Bid%5D=DSD_FUA_DEMO%40DF_AGE_SEX&lc=en,True,Gang of Four,Leeds,Gang Of Four,469462,292732,0,2026-07-18T20:40:00.993779+00:00,Spotify web-player queryArtistOverview,undocumented read-only web-client endpoint
Kaiser Chiefs,Leeds,Leeds,reviewed,existing_catalogue,https://musicbrainz.org/artist/90218af4-4d58-4821-8d41-2ee295ebbe21,high,0LbLWjaweRbO4FDKYlbfNt,Kaiser Chiefs,Kaiser Chiefs,90218af4-4d58-4821-8d41-2ee295ebbe21,,reused balanced 100-band catalogue,existing_shortlist,,4,UK003F,Leeds,2024,3070506,OECD/EU Functional Urban Area,https://data-explorer.oecd.org/vis?df%5Bag%5D=OECD.CFE.EDS&df%5Bds%5D=dsDisseminateFinalDMZ&df%5Bid%5D=DSD_FUA_DEMO%40DF_AGE_SEX&lc=en,True,Kaiser Chiefs,Leeds,Kaiser Chiefs,2999896,1422089,0,2026-07-18T20:40:00.993779+00:00,Spotify web-player queryArtistOverview,undocumented read-only web-client endpoint
Nightmares on Wax,Leeds,Leeds,reviewed,existing_catalogue,https://musicbrainz.org/artist/b8c5cc4f-239f-4e02-b46f-b040b77c2030,high,4tNxq9NGKTKaX8OkZBLgf0,Nightmares On Wax,Nightmares on Wax,b8c5cc4f-239f-4e02-b46f-b040b77c2030,,reused balanced 100-band catalogue,agent_addition,,4,UK003F,Leeds,2024,3070506,OECD/EU Functional Urban Area,https://data-explorer.oecd.org/vis?df%5Bag%5D=OECD.CFE.EDS&df%5Bds%5D=dsDisseminateFinalDMZ&df%5Bid%5D=DSD_FUA_DEMO%40DF_AGE_SEX&lc=en,True,Nightmares on Wax,Leeds,Nightmares On Wax,1820888,556692,0,2026-07-18T20:40:00.993779+00:00,Spotify web-player queryArtistOverview,undocumented read-only web-client endpoint
Sisters of Mercy,Leeds,Leeds,reviewed,existing_catalogue,https://musicbrainz.org/artist/553d8166-27b0-49fe-b8e4-89a984e2c375,high,4HxBVyHaUa60eCSsJWxwWR,Sisters of Mercy,Sisters of Mercy,553d8166-27b0-49fe-b8e4-89a984e2c375,,reused balanced 100-band catalogue,existing_shortlist,,4,UK003F,Leeds,2024,3070506,OECD/EU Functional Urban Area,https://data-explorer.oecd.org/vis?df%5Bag%5D=OECD.CFE.EDS&df%5Bds%5D=dsDisseminateFinalDMZ&df%5Bid%5D=DSD_FUA_DEMO%40DF_AGE_SEX&lc=en,True,Sisters of Mercy,Leeds,Sisters of Mercy,994856,771147,0,2026-07-18T20:40:00.993779+00:00,Spotify web-player queryArtistOverview,undocumented read-only web-client endpoint
Soft Cell,Leeds,Leeds,reviewed,existing_catalogue,https://musicbrainz.org/artist/7fb50287-029d-47cc-825a-235ca28024b2,high,6aq8T2RcspxVOGgMrTzjWc,Soft Cell,Soft Cell,7fb50287-029d-47cc-825a-235ca28024b2,,reused balanced 100-band catalogue,existing_shortlist,,4,UK003F,Leeds,2024,3070506,OECD/EU Functional Urban Area,https://data-explorer.oecd.org/vis?df%5Bag%5D=OECD.CFE.EDS&df%5Bds%5D=dsDisseminateFinalDMZ&df%5Bid%5D=DSD_FUA_DEMO%40DF_AGE_SEX&lc=en,True,Soft Cell,Leeds,Soft Cell,5766246,869007,0,2026-07-18T20:40:00.993779+00:00,Spotify web-player queryArtistOverview,undocumented read-only web-client endpoint
The Cult,Leeds,Leeds,reviewed,existing_catalogue,https://en.wikipedia.org/wiki/The_Cult,high,49DW3KvkyjHO35mK1JnSyS,The Cult,The Cult,8846e4ff-0c19-4af2-872b-7a8dc7497f68,,reused balanced 100-band catalogue,popularity_first_replacement,Wikipedia gives Bradford within Leeds FUA while MusicBrainz gives London; retained under the audited popularity-first decision and replaces The Mekons.,4,UK003F,Leeds,2024,3070506,OECD/EU Functional Urban Area,https://data-explorer.oecd.org/vis?df%5Bag%5D=OECD.CFE.EDS&df%5Bds%5D=dsDisseminateFinalDMZ&df%5Bid%5D=DSD_FUA_DEMO%40DF_AGE_SEX&lc=en,True,The Cult,Leeds,The Cult,2277310,852449,0,2026-07-18T20:45:22.974241+00:00,Spotify web-player queryArtistOverview,undocumented read-only web-client endpoint
The Wedding Present,Leeds,Leeds,reviewed,existing_catalogue,https://musicbrainz.org/artist/707622da-475f-48e1-905d-248718df6521,high,4tyCvqG48h4LdcbFfWBjR9,The Wedding Present,The Wedding Present,707622da-475f-48e1-905d-248718df6521,,reused balanced 100-band catalogue,existing_shortlist,,4,UK003F,Leeds,2024,3070506,OECD/EU Functional Urban Area,https://data-explorer.oecd.org/vis?df%5Bag%5D=OECD.CFE.EDS&df%5Bds%5D=dsDisseminateFinalDMZ&df%5Bid%5D=DSD_FUA_DEMO%40DF_AGE_SEX&lc=en,True,The Wedding Present,Leeds,The Wedding Present,45749,65575,0,2026-07-18T20:40:00.993779+00:00,Spotify web-player queryArtistOverview,undocumented read-only web-client endpoint
Yard Act,Leeds,Leeds,reviewed,existing_catalogue,https://musicbrainz.org/artist/c69af97b-4d3b-4f72-9746-829b6b9d5f88,high,2h3ooJn8m8X8cL2g1BZ1Rd,Yard Act,Yard Act,c69af97b-4d3b-4f72-9746-829b6b9d5f88,,reused balanced 100-band catalogue,popularity_first_replacement,Replaces The Mission after comparison with the audited popularity-first catalogue.,4,UK003F,Leeds,2024,3070506,OECD/EU Functional Urban Area,https://data-explorer.oecd.org/vis?df%5Bag%5D=OECD.CFE.EDS&df%5Bds%5D=dsDisseminateFinalDMZ&df%5Bid%5D=DSD_FUA_DEMO%40DF_AGE_SEX&lc=en,True,Yard Act,Leeds,Yard Act,416371,155450,0,2026-07-18T20:45:22.974241+00:00,Spotify web-player queryArtistOverview,undocumented read-only web-client endpoint
Belle and Sebastian,Glasgow,Glasgow,reviewed,existing_catalogue,https://musicbrainz.org/artist/e5c7b94f-e264-473c-bb0f-37c85d4d5c70,high,4I2BJf80C0skQpp1sQmA0h,Belle and Sebastian,Belle and Sebastian,e5c7b94f-e264-473c-bb0f-37c85d4d5c70,,reused balanced 100-band catalogue,existing_shortlist,,5,UK004F,Glasgow,2024,1895840,OECD/EU Functional Urban Area,https://data-explorer.oecd.org/vis?df%5Bag%5D=OECD.CFE.EDS&df%5Bds%5D=dsDisseminateFinalDMZ&df%5Bid%5D=DSD_FUA_DEMO%40DF_AGE_SEX&lc=en,True,Belle and Sebastian,Glasgow,Belle and Sebastian,1141204,747098,0,2026-07-18T20:40:00.993779+00:00,Spotify web-player queryArtistOverview,undocumented read-only web-client endpoint
CHVRCHES,Glasgow,Glasgow,reviewed,existing_catalogue,https://musicbrainz.org/artist/6a93afbb-257f-4166-b389-9f2a1e5c5df8,high,3CjlHNtplJyTf9npxaPl5w,CHVRCHES,CHVRCHES,6a93afbb-257f-4166-b389-9f2a1e5c5df8,,reused balanced 100-band catalogue,existing_shortlist,,5,UK004F,Glasgow,2024,1895840,OECD/EU Functional Urban Area,https://data-explorer.oecd.org/vis?df%5Bag%5D=OECD.CFE.EDS&df%5Bds%5D=dsDisseminateFinalDMZ&df%5Bid%5D=DSD_FUA_DEMO%40DF_AGE_SEX&lc=en,True,CHVRCHES,Glasgow,CHVRCHES,4152413,1434807,0,2026-07-18T20:40:00.993779+00:00,Spotify web-player queryArtistOverview,undocumented read-only web-client endpoint
Franz Ferdinand,Glasgow,Glasgow,reviewed,existing_catalogue,https://musicbrainz.org/artist/aa7a2827-f74b-473c-bd79-03d065835cf7,high,0XNa1vTidXlvJ2gHSsRi4A,Franz Ferdinand,Franz Ferdinand,aa7a2827-f74b-473c-bd79-03d065835cf7,,reused balanced 100-band catalogue,existing_shortlist,,5,UK004F,Glasgow,2024,1895840,OECD/EU Functional Urban Area,https://data-explorer.oecd.org/vis?df%5Bag%5D=OECD.CFE.EDS&df%5Bds%5D=dsDisseminateFinalDMZ&df%5Bid%5D=DSD_FUA_DEMO%40DF_AGE_SEX&lc=en,True,Franz Ferdinand,Glasgow,Franz Ferdinand,10807735,3218082,0,2026-07-18T20:40:00.993779+00:00,Spotify web-player queryArtistOverview,undocumented read-only web-client endpoint
Primal Scream,Glasgow,Glasgow,reviewed,existing_catalogue,https://musicbrainz.org/artist/55704c38-224f-4b75-b29f-d43653f8bc9a,high,3wury2nd8idV4GecUg5xze,Primal Scream,Primal Scream,55704c38-224f-4b75-b29f-d43653f8bc9a,,reused balanced 100-band catalogue,existing_shortlist,,5,UK004F,Glasgow,2024,1895840,OECD/EU Functional Urban Area,https://data-explorer.oecd.org/vis?df%5Bag%5D=OECD.CFE.EDS&df%5Bds%5D=dsDisseminateFinalDMZ&df%5Bid%5D=DSD_FUA_DEMO%40DF_AGE_SEX&lc=en,True,Primal Scream,Glasgow,Primal Scream,1165795,590819,0,2026-07-18T20:40:00.993779+00:00,Spotify web-player queryArtistOverview,undocumented read-only web-client endpoint
Simple Minds,Glasgow,Glasgow,reviewed,existing_catalogue,https://musicbrainz.org/artist/f41490ce-fe39-435d-86c0-ab5ce098b423,high,6hN9F0iuULZYWXppob22Aj,Simple Minds,Simple Minds,f41490ce-fe39-435d-86c0-ab5ce098b423,,reused balanced 100-band catalogue,existing_shortlist,,5,UK004F,Glasgow,2024,1895840,OECD/EU Functional Urban Area,https://data-explorer.oecd.org/vis?df%5Bag%5D=OECD.CFE.EDS&df%5Bds%5D=dsDisseminateFinalDMZ&df%5Bid%5D=DSD_FUA_DEMO%40DF_AGE_SEX&lc=en,True,Simple Minds,Glasgow,Simple Minds,9628717,2504682,0,2026-07-18T20:40:00.993779+00:00,Spotify web-player queryArtistOverview,undocumented read-only web-client endpoint
Stealers Wheel,Glasgow,Glasgow,reviewed,existing_catalogue,https://musicbrainz.org/artist/63200203-e2c6-4081-8e0d-00c9732c6b6f,high,7bPU7cvfoD20ixGD9Qnqki,Stealers Wheel,Stealers Wheel,63200203-e2c6-4081-8e0d-00c9732c6b6f,,reused balanced 100-band catalogue,popularity_first_replacement,Formed in Paisley within Glasgow FUA; replaces Del Amitri after comparison with the audited popularity-first catalogue.,5,UK004F,Glasgow,2024,1895840,OECD/EU Functional Urban Area,https://data-explorer.oecd.org/vis?df%5Bag%5D=OECD.CFE.EDS&df%5Bds%5D=dsDisseminateFinalDMZ&df%5Bid%5D=DSD_FUA_DEMO%40DF_AGE_SEX&lc=en,True,Stealers Wheel,Glasgow,Stealers Wheel,5726001,253056,0,2026-07-18T20:45:22.974241+00:00,Spotify web-player queryArtistOverview,undocumented read-only web-client endpoint
Texas,Glasgow,Glasgow,reviewed,existing_catalogue,https://musicbrainz.org/artist/7289d10d-d8d2-41ff-8308-c56ec9346e07,high,5JsdVATHNPE0XdMFMRoSuf,Texas,Texas,7289d10d-d8d2-41ff-8308-c56ec9346e07,,reused balanced 100-band catalogue,agent_addition,,5,UK004F,Glasgow,2024,1895840,OECD/EU Functional Urban Area,https://data-explorer.oecd.org/vis?df%5Bag%5D=OECD.CFE.EDS&df%5Bds%5D=dsDisseminateFinalDMZ&df%5Bid%5D=DSD_FUA_DEMO%40DF_AGE_SEX&lc=en,True,Texas,Glasgow,Texas,2420479,572024,0,2026-07-18T20:40:00.993779+00:00,Spotify web-player queryArtistOverview,undocumented read-only web-client endpoint
The Fratellis,Glasgow,Glasgow,reviewed,existing_catalogue,https://musicbrainz.org/artist/f4ad883e-9a92-45ed-a540-a49c2d1c36dd,high,3M4ThdJR28z9eSMcQHAZ5G,The Fratellis,The Fratellis,f4ad883e-9a92-45ed-a540-a49c2d1c36dd,,reused balanced 100-band catalogue,agent_addition,,5,UK004F,Glasgow,2024,1895840,OECD/EU Functional Urban Area,https://data-explorer.oecd.org/vis?df%5Bag%5D=OECD.CFE.EDS&df%5Bds%5D=dsDisseminateFinalDMZ&df%5Bid%5D=DSD_FUA_DEMO%40DF_AGE_SEX&lc=en,True,The Fratellis,Glasgow,The Fratellis,4131358,958629,0,2026-07-18T20:40:00.993779+00:00,Spotify web-player queryArtistOverview,undocumented read-only web-client endpoint
Travis,Glasgow,Glasgow,reviewed,existing_catalogue,https://musicbrainz.org/artist/22a40b75-affc-4e69-8884-266d087e4751,high,3bUwxJgNakzYKkqAVgZLlh,Travis,Travis,22a40b75-affc-4e69-8884-266d087e4751,,reused balanced 100-band catalogue,popularity_first_replacement,Replaces Deacon Blue after comparison with the audited popularity-first catalogue.,5,UK004F,Glasgow,2024,1895840,OECD/EU Functional Urban Area,https://data-explorer.oecd.org/vis?df%5Bag%5D=OECD.CFE.EDS&df%5Bds%5D=dsDisseminateFinalDMZ&df%5Bid%5D=DSD_FUA_DEMO%40DF_AGE_SEX&lc=en,True,Travis,Glasgow,Travis,2884486,1176704,0,2026-07-18T20:45:22.974241+00:00,Spotify web-player queryArtistOverview,undocumented read-only web-client endpoint
Wet Wet Wet,Glasgow,Glasgow,reviewed,existing_catalogue,https://musicbrainz.org/artist/45bbfc68-2523-49e4-96f7-d7d1c3d41aac,high,2u0gw0uCWBMiqV7h0N8kai,Wet Wet Wet,Wet Wet Wet,45bbfc68-2523-49e4-96f7-d7d1c3d41aac,,reused balanced 100-band catalogue,popularity_first_replacement,Formed in Clydebank within Glasgow FUA; replaces Mogwai after comparison with the audited popularity-first catalogue.,5,UK004F,Glasgow,2024,1895840,OECD/EU Functional Urban Area,https://data-explorer.oecd.org/vis?df%5Bag%5D=OECD.CFE.EDS&df%5Bds%5D=dsDisseminateFinalDMZ&df%5Bid%5D=DSD_FUA_DEMO%40DF_AGE_SEX&lc=en,True,Wet Wet Wet,Glasgow,Wet Wet Wet,2057236,614358,0,2026-07-18T20:45:22.974241+00:00,Spotify web-player queryArtistOverview,undocumented read-only web-client endpoint
A Flock of Seagulls,Liverpool,Liverpool,reviewed,existing_catalogue,https://musicbrainz.org/artist/aaa436da-b331-4e58-a0fd-3d64d090c120,high,0uAjBatvB4ubpd4kCfjmNt,A Flock Of Seagulls,A Flock Of Seagulls,aaa436da-b331-4e58-a0fd-3d64d090c120,,reused balanced 100-band catalogue,agent_addition,,6,UK006F,Liverpool,2024,1597536,OECD/EU Functional Urban Area,https://data-explorer.oecd.org/vis?df%5Bag%5D=OECD.CFE.EDS&df%5Bds%5D=dsDisseminateFinalDMZ&df%5Bid%5D=DSD_FUA_DEMO%40DF_AGE_SEX&lc=en,True,A Flock of Seagulls,Liverpool,A Flock Of Seagulls,4670482,774464,0,2026-07-18T20:40:00.993779+00:00,Spotify web-player queryArtistOverview,undocumented read-only web-client endpoint
Atomic Kitten,Liverpool,Liverpool,reviewed,existing_catalogue,https://musicbrainz.org/artist/6fda00c2-449a-4bf4-838f-038d41a07c73,high,6JMHws5haIO6V35YNYDnDw,Atomic Kitten,Atomic Kitten,6fda00c2-449a-4bf4-838f-038d41a07c73,,reused balanced 100-band catalogue,agent_addition,Formally eligible group; pop editorial review.,6,UK006F,Liverpool,2024,1597536,OECD/EU Functional Urban Area,https://data-explorer.oecd.org/vis?df%5Bag%5D=OECD.CFE.EDS&df%5Bds%5D=dsDisseminateFinalDMZ&df%5Bid%5D=DSD_FUA_DEMO%40DF_AGE_SEX&lc=en,True,Atomic Kitten,Liverpool,Atomic Kitten,2751716,525204,0,2026-07-18T20:40:00.993779+00:00,Spotify web-player queryArtistOverview,undocumented read-only web-client endpoint
CamelPhat,Liverpool,Liverpool,reviewed,existing_catalogue,https://musicbrainz.org/artist/61314ff2-7b52-4296-a0b8-af61dc08bdd1,high,240wlM8vDrf6S4zCyzGj2W,CamelPhat,CamelPhat,61314ff2-7b52-4296-a0b8-af61dc08bdd1,,reused balanced 100-band catalogue,popularity_first_replacement,Replaces Gerry and the Pacemakers after comparison with the audited popularity-first catalogue.,6,UK006F,Liverpool,2024,1597536,OECD/EU Functional Urban Area,https://data-explorer.oecd.org/vis?df%5Bag%5D=OECD.CFE.EDS&df%5Bds%5D=dsDisseminateFinalDMZ&df%5Bid%5D=DSD_FUA_DEMO%40DF_AGE_SEX&lc=en,True,CamelPhat,Liverpool,CamelPhat,6543464,572358,0,2026-07-18T20:45:22.974241+00:00,Spotify web-player queryArtistOverview,undocumented read-only web-client endpoint
Dead or Alive,Liverpool,Liverpool,reviewed,existing_catalogue,https://musicbrainz.org/artist/98720123-fcec-47be-9e88-29a310fb2942,high,5WWSL6rElJeUk3Uc1S2RyD,Dead Or Alive,Dead or Alive,98720123-fcec-47be-9e88-29a310fb2942,,reused balanced 100-band catalogue,agent_addition,,6,UK006F,Liverpool,2024,1597536,OECD/EU Functional Urban Area,https://data-explorer.oecd.org/vis?df%5Bag%5D=OECD.CFE.EDS&df%5Bds%5D=dsDisseminateFinalDMZ&df%5Bid%5D=DSD_FUA_DEMO%40DF_AGE_SEX&lc=en,True,Dead or Alive,Liverpool,Dead Or Alive,3275455,490402,0,2026-07-18T20:40:00.993779+00:00,Spotify web-player queryArtistOverview,undocumented read-only web-client endpoint
Echo & the Bunnymen,Liverpool,Liverpool,reviewed,existing_catalogue,https://musicbrainz.org/artist/ccd4879c-5e88-4385-b131-bf65296bf245,high,0fgYKF9Avljex0L9Wt5b8Z,Echo & the Bunnymen,Echo & the Bunnymen,ccd4879c-5e88-4385-b131-bf65296bf245,,reused balanced 100-band catalogue,existing_shortlist,,6,UK006F,Liverpool,2024,1597536,OECD/EU Functional Urban Area,https://data-explorer.oecd.org/vis?df%5Bag%5D=OECD.CFE.EDS&df%5Bds%5D=dsDisseminateFinalDMZ&df%5Bid%5D=DSD_FUA_DEMO%40DF_AGE_SEX&lc=en,True,Echo & the Bunnymen,Liverpool,Echo & the Bunnymen,2210172,1120606,0,2026-07-18T20:40:00.993779+00:00,Spotify web-player queryArtistOverview,undocumented read-only web-client endpoint
Frankie Goes to Hollywood,Liverpool,Liverpool,reviewed,existing_catalogue,https://musicbrainz.org/artist/c09c8263-40ef-4352-8031-e438b1ce68fc,high,1mZu3rO7qSD09GdDpePHhY,Frankie Goes To Hollywood,Frankie Goes to Hollywood,c09c8263-40ef-4352-8031-e438b1ce68fc,,reused balanced 100-band catalogue,existing_shortlist,,6,UK006F,Liverpool,2024,1597536,OECD/EU Functional Urban Area,https://data-explorer.oecd.org/vis?df%5Bag%5D=OECD.CFE.EDS&df%5Bds%5D=dsDisseminateFinalDMZ&df%5Bid%5D=DSD_FUA_DEMO%40DF_AGE_SEX&lc=en,True,Frankie Goes to Hollywood,Liverpool,Frankie Goes To Hollywood,2758706,960764,0,2026-07-18T20:40:00.993779+00:00,Spotify web-player queryArtistOverview,undocumented read-only web-client endpoint
Orchestral Manoeuvres in the Dark,Liverpool,Liverpool,reviewed,existing_catalogue,https://musicbrainz.org/artist/6d072aa8-c851-49c5-92f9-cbca05f4bed9,high,7wJ9NwdRWtN92NunmXuwBk,Orchestral Manoeuvres In The Dark,Orchestral Manoeuvres In The Dark,6d072aa8-c851-49c5-92f9-cbca05f4bed9,,reused balanced 100-band catalogue,popularity_first_replacement,Formed in Meols within Liverpool FUA; replaces The Lightning Seeds after comparison with the audited popularity-first catalogue.,6,UK006F,Liverpool,2024,1597536,OECD/EU Functional Urban Area,https://data-explorer.oecd.org/vis?df%5Bag%5D=OECD.CFE.EDS&df%5Bds%5D=dsDisseminateFinalDMZ&df%5Bid%5D=DSD_FUA_DEMO%40DF_AGE_SEX&lc=en,True,Orchestral Manoeuvres in the Dark,Liverpool,Orchestral Manoeuvres In The Dark,3287803,949812,0,2026-07-18T20:45:22.974241+00:00,Spotify web-player queryArtistOverview,undocumented read-only web-client endpoint
The Beatles,Liverpool,Liverpool,reviewed,existing_catalogue,https://musicbrainz.org/artist/b10bbbfc-cf9e-42e0-be17-e2c3e1d2600d,high,3WrFJ7ztbogyGnTHbHJFl2,The Beatles,The Beatles,b10bbbfc-cf9e-42e0-be17-e2c3e1d2600d,,reused balanced 100-band catalogue,existing_shortlist,,6,UK006F,Liverpool,2024,1597536,OECD/EU Functional Urban Area,https://data-explorer.oecd.org/vis?df%5Bag%5D=OECD.CFE.EDS&df%5Bds%5D=dsDisseminateFinalDMZ&df%5Bid%5D=DSD_FUA_DEMO%40DF_AGE_SEX&lc=en,True,The Beatles,Liverpool,The Beatles,37927636,32385954,137,2026-07-18T20:40:00.993779+00:00,Spotify web-player queryArtistOverview,undocumented read-only web-client endpoint
The La's,Liverpool,Liverpool,reviewed,existing_catalogue,https://musicbrainz.org/artist/ff3e88b3-7354-4f30-967c-1a61ebc8c642,high,47Z8LEl3LnQkcpva0xSthT,The La's,The La's,ff3e88b3-7354-4f30-967c-1a61ebc8c642,,reused balanced 100-band catalogue,existing_shortlist,,6,UK006F,Liverpool,2024,1597536,OECD/EU Functional Urban Area,https://data-explorer.oecd.org/vis?df%5Bag%5D=OECD.CFE.EDS&df%5Bds%5D=dsDisseminateFinalDMZ&df%5Bid%5D=DSD_FUA_DEMO%40DF_AGE_SEX&lc=en,True,The La's,Liverpool,The La's,5581915,320009,0,2026-07-18T20:40:00.993779+00:00,Spotify web-player queryArtistOverview,undocumented read-only web-client endpoint
The Wombats,Liverpool,Liverpool,reviewed,existing_catalogue,https://musicbrainz.org/artist/e105c272-b5d7-4135-82ef-d60bded54345,high,0Ya43ZKWHTKkAbkoJJkwIB,The Wombats,The Wombats,e105c272-b5d7-4135-82ef-d60bded54345,,reused balanced 100-band catalogue,existing_shortlist,,6,UK006F,Liverpool,2024,1597536,OECD/EU Functional Urban Area,https://data-explorer.oecd.org/vis?df%5Bag%5D=OECD.CFE.EDS&df%5Bds%5D=dsDisseminateFinalDMZ&df%5Bid%5D=DSD_FUA_DEMO%40DF_AGE_SEX&lc=en,True,The Wombats,Liverpool,The Wombats,2884656,1143548,0,2026-07-18T20:40:00.993779+00:00,Spotify web-player queryArtistOverview,undocumented read-only web-client endpoint
Field Music,Newcastle,Sunderland,reviewed,exact,https://www.wikidata.org/wiki/Q1411559,high,5P1tdwsQdI6z9MXXfmYRDS,,Field Music,,Q1411559,top-20 city candidate review,Wikidata and MusicBrainz,Sunderland is included in the Newcastle Functional Urban Area.,7,UK013F,Newcastle upon Tyne,2024,1221203,OECD/EU Functional Urban Area,https://data-explorer.oecd.org/vis?df%5Bag%5D=OECD.CFE.EDS&df%5Bds%5D=dsDisseminateFinalDMZ&df%5Bid%5D=DSD_FUA_DEMO%40DF_AGE_SEX&lc=en,True,Field Music,Newcastle,Field Music,10829,39708,0,2026-07-18T20:40:00.993779+00:00,Spotify web-player queryArtistOverview,undocumented read-only web-client endpoint
Lanterns on the Lake,Newcastle,Newcastle upon Tyne,reviewed,exact,https://www.wikidata.org/wiki/Q14158905,high,7sx3r4lMo079vO7lIi0fng,,Lanterns on the Lake,,Q14158905,top-20 city candidate review,Wikidata and MusicBrainz,,7,UK013F,Newcastle upon Tyne,2024,1221203,OECD/EU Functional Urban Area,https://data-explorer.oecd.org/vis?df%5Bag%5D=OECD.CFE.EDS&df%5Bds%5D=dsDisseminateFinalDMZ&df%5Bid%5D=DSD_FUA_DEMO%40DF_AGE_SEX&lc=en,True,Lanterns on the Lake,Newcastle,Lanterns on the Lake,43202,38093,0,2026-07-18T20:40:00.993779+00:00,Spotify web-player queryArtistOverview,undocumented read-only web-client endpoint
Lighthouse Family,Newcastle,Newcastle upon Tyne,reviewed,exact,https://www.wikidata.org/wiki/Q707351,high,6edGSAX5dVpeJVwu1Q0NwJ,,Lighthouse Family,,Q707351,top-20 city candidate review,Wikidata and MusicBrainz,,7,UK013F,Newcastle upon Tyne,2024,1221203,OECD/EU Functional Urban Area,https://data-explorer.oecd.org/vis?df%5Bag%5D=OECD.CFE.EDS&df%5Bds%5D=dsDisseminateFinalDMZ&df%5Bid%5D=DSD_FUA_DEMO%40DF_AGE_SEX&lc=en,True,Lighthouse Family,Newcastle,Lighthouse Family,2921952,660194,0,2026-07-18T20:40:00.993779+00:00,Spotify web-player queryArtistOverview,undocumented read-only web-client endpoint
Little Comets,Newcastle,Jarrow,reviewed,exact,https://www.itv.com/news/tyne-tees/2015-02-20/north-east-indie-group-little-comets-break-top-20,high,7cfhZmKaLWzNLwHDxzugUH,,Little Comets,,Q4166250,top-20 city candidate review,manual origin review,"ITV documents members from Jarrow and Washington; the frozen OECD crosswalk assigns South Tyneside, including Jarrow, to Newcastle FUA.",7,UK013F,Newcastle upon Tyne,2024,1221203,OECD/EU Functional Urban Area,https://data-explorer.oecd.org/vis?df%5Bag%5D=OECD.CFE.EDS&df%5Bds%5D=dsDisseminateFinalDMZ&df%5Bid%5D=DSD_FUA_DEMO%40DF_AGE_SEX&lc=en,True,Little Comets,Newcastle,Little Comets,47976,80242,0,2026-07-18T20:40:00.993779+00:00,Spotify web-player queryArtistOverview,undocumented read-only web-client endpoint
Maxïmo Park,Newcastle,Newcastle upon Tyne,reviewed,exact,https://www.wikidata.org/wiki/Q833332,high,048FBwXjFYBWxSggPDipic,,Maxïmo Park,,Q833332,top-20 city candidate review,Wikidata and MusicBrainz,,7,UK013F,Newcastle upon Tyne,2024,1221203,OECD/EU Functional Urban Area,https://data-explorer.oecd.org/vis?df%5Bag%5D=OECD.CFE.EDS&df%5Bds%5D=dsDisseminateFinalDMZ&df%5Bid%5D=DSD_FUA_DEMO%40DF_AGE_SEX&lc=en,True,Maxïmo Park,Newcastle,Maximo Park,411159,259584,0,2026-07-18T20:40:00.993779+00:00,Spotify web-player queryArtistOverview,undocumented read-only web-client endpoint
Pigs Pigs Pigs Pigs Pigs Pigs Pigs,Newcastle,Newcastle upon Tyne,reviewed,exact,https://www.wikidata.org/wiki/Q93962241,high,1F7QDWyZTLGzkyGLgFjEhU,,Pigs Pigs Pigs Pigs Pigs Pigs Pigs,,Q93962241,top-20 city candidate review,Wikidata and MusicBrainz,,7,UK013F,Newcastle upon Tyne,2024,1221203,OECD/EU Functional Urban Area,https://data-explorer.oecd.org/vis?df%5Bag%5D=OECD.CFE.EDS&df%5Bds%5D=dsDisseminateFinalDMZ&df%5Bid%5D=DSD_FUA_DEMO%40DF_AGE_SEX&lc=en,True,Pigs Pigs Pigs Pigs Pigs Pigs Pigs,Newcastle,Pigs Pigs Pigs Pigs Pigs Pigs Pigs,37035,72472,0,2026-07-18T20:40:00.993779+00:00,Spotify web-player queryArtistOverview,undocumented read-only web-client endpoint
The Animals,Newcastle,Newcastle upon Tyne,reviewed,exact,https://www.wikidata.org/wiki/Q131422,high,3ICflSq6ZgYAIrm2CTkfVP,,The Animals,,Q131422,top-20 city candidate review,Wikidata and MusicBrainz,,7,UK013F,Newcastle upon Tyne,2024,1221203,OECD/EU Functional Urban Area,https://data-explorer.oecd.org/vis?df%5Bag%5D=OECD.CFE.EDS&df%5Bds%5D=dsDisseminateFinalDMZ&df%5Bid%5D=DSD_FUA_DEMO%40DF_AGE_SEX&lc=en,True,The Animals,Newcastle,The Animals,12324330,2812173,0,2026-07-18T20:40:00.993779+00:00,Spotify web-player queryArtistOverview,undocumented read-only web-client endpoint
The Futureheads,Newcastle,Sunderland,reviewed,exact,https://www.wikidata.org/wiki/Q141703,high,3TBfn8PtXr42OrTPaoC3E8,,The Futureheads,,Q141703,top-20 city candidate review,Wikidata and MusicBrainz,Sunderland is included in the Newcastle Functional Urban Area.,7,UK013F,Newcastle upon Tyne,2024,1221203,OECD/EU Functional Urban Area,https://data-explorer.oecd.org/vis?df%5Bag%5D=OECD.CFE.EDS&df%5Bds%5D=dsDisseminateFinalDMZ&df%5Bid%5D=DSD_FUA_DEMO%40DF_AGE_SEX&lc=en,True,The Futureheads,Newcastle,The Futureheads,175654,108938,0,2026-07-18T20:40:00.993779+00:00,Spotify web-player queryArtistOverview,undocumented read-only web-client endpoint
The Wildhearts,Newcastle,Newcastle upon Tyne,reviewed,exact,https://www.wikidata.org/wiki/Q4347440,high,6bz0ztmnpeofmoFksV3DqL,,The Wildhearts,,Q4347440,top-20 city candidate review,Wikidata and MusicBrainz,,7,UK013F,Newcastle upon Tyne,2024,1221203,OECD/EU Functional Urban Area,https://data-explorer.oecd.org/vis?df%5Bag%5D=OECD.CFE.EDS&df%5Bds%5D=dsDisseminateFinalDMZ&df%5Bid%5D=DSD_FUA_DEMO%40DF_AGE_SEX&lc=en,True,The Wildhearts,Newcastle,The Wildhearts,25540,40815,0,2026-07-18T20:40:00.993779+00:00,Spotify web-player queryArtistOverview,undocumented read-only web-client endpoint
Venom,Newcastle,Newcastle upon Tyne,reviewed,exact,https://www.wikidata.org/wiki/Q192861,high,5fwaejlOHVBAw1KhIPPaQe,,Venom,,Q192861,top-20 city candidate review,Wikidata and MusicBrainz,,7,UK013F,Newcastle upon Tyne,2024,1221203,OECD/EU Functional Urban Area,https://data-explorer.oecd.org/vis?df%5Bag%5D=OECD.CFE.EDS&df%5Bds%5D=dsDisseminateFinalDMZ&df%5Bid%5D=DSD_FUA_DEMO%40DF_AGE_SEX&lc=en,True,Venom,Newcastle,Venom,203523,617815,0,2026-07-18T20:40:00.993779+00:00,Spotify web-player queryArtistOverview,undocumented read-only web-client endpoint
ABC,Sheffield,Sheffield,reviewed,existing_catalogue,https://musicbrainz.org/artist/87199477-b0df-4ead-84ee-9b54b4abfc3d,high,2s79xe5F6eUQkjwjww27Fh,ABC,ABC,87199477-b0df-4ead-84ee-9b54b4abfc3d,,reused balanced 100-band catalogue,agent_addition,,8,UK010F,Sheffield,2024,1217504,OECD/EU Functional Urban Area,https://data-explorer.oecd.org/vis?df%5Bag%5D=OECD.CFE.EDS&df%5Bds%5D=dsDisseminateFinalDMZ&df%5Bid%5D=DSD_FUA_DEMO%40DF_AGE_SEX&lc=en,True,ABC,Sheffield,ABC,1028147,431631,0,2026-07-18T20:40:00.993779+00:00,Spotify web-player queryArtistOverview,undocumented read-only web-client endpoint
Ace,Sheffield,Sheffield,reviewed,existing_catalogue,https://musicbrainz.org/artist/241a85e3-da78-437e-a511-c18c14792ccc,high,6QNkSI0c63lCTNXpHDBiqP,Ace,Ace,241a85e3-da78-437e-a511-c18c14792ccc,,reused balanced 100-band catalogue,popularity_first_replacement,Replaces Cabaret Voltaire after comparison with the audited popularity-first catalogue.,8,UK010F,Sheffield,2024,1217504,OECD/EU Functional Urban Area,https://data-explorer.oecd.org/vis?df%5Bag%5D=OECD.CFE.EDS&df%5Bds%5D=dsDisseminateFinalDMZ&df%5Bid%5D=DSD_FUA_DEMO%40DF_AGE_SEX&lc=en,True,Ace,Sheffield,Ace,1026309,40060,0,2026-07-18T20:45:22.974241+00:00,Spotify web-player queryArtistOverview,undocumented read-only web-client endpoint
Arctic Monkeys,Sheffield,Sheffield,reviewed,existing_catalogue,https://musicbrainz.org/artist/ada7a83c-e3e1-40f1-93f9-3e73dbc9298a,high,7Ln80lUS6He07XvHI8qqHH,Arctic Monkeys,Arctic Monkeys,ada7a83c-e3e1-40f1-93f9-3e73dbc9298a,,reused balanced 100-band catalogue,existing_shortlist,,8,UK010F,Sheffield,2024,1217504,OECD/EU Functional Urban Area,https://data-explorer.oecd.org/vis?df%5Bag%5D=OECD.CFE.EDS&df%5Bds%5D=dsDisseminateFinalDMZ&df%5Bid%5D=DSD_FUA_DEMO%40DF_AGE_SEX&lc=en,True,Arctic Monkeys,Sheffield,Arctic Monkeys,52301870,35028298,61,2026-07-18T20:40:00.993779+00:00,Spotify web-player queryArtistOverview,undocumented read-only web-client endpoint
Bring Me The Horizon,Sheffield,Sheffield,reviewed,existing_catalogue,https://musicbrainz.org/artist/074e3847-f67f-49f9-81f1-8c8cea147e8e,high,1Ffb6ejR6Fe5IamqA5oRUF,Bring Me The Horizon,Bring Me The Horizon,074e3847-f67f-49f9-81f1-8c8cea147e8e,,reused balanced 100-band catalogue,existing_shortlist,,8,UK010F,Sheffield,2024,1217504,OECD/EU Functional Urban Area,https://data-explorer.oecd.org/vis?df%5Bag%5D=OECD.CFE.EDS&df%5Bds%5D=dsDisseminateFinalDMZ&df%5Bid%5D=DSD_FUA_DEMO%40DF_AGE_SEX&lc=en,True,Bring Me The Horizon,Sheffield,Bring Me The Horizon,13707032,7131475,0,2026-07-18T20:40:00.993779+00:00,Spotify web-player queryArtistOverview,undocumented read-only web-client endpoint
Def Leppard,Sheffield,Sheffield,reviewed,existing_catalogue,https://musicbrainz.org/artist/7249b899-8db8-43e7-9e6e-22f1e736024e,high,6H1RjVyNruCmrBEWRbD0VZ,Def Leppard,Def Leppard,7249b899-8db8-43e7-9e6e-22f1e736024e,,reused balanced 100-band catalogue,existing_shortlist,,8,UK010F,Sheffield,2024,1217504,OECD/EU Functional Urban Area,https://data-explorer.oecd.org/vis?df%5Bag%5D=OECD.CFE.EDS&df%5Bds%5D=dsDisseminateFinalDMZ&df%5Bid%5D=DSD_FUA_DEMO%40DF_AGE_SEX&lc=en,True,Def Leppard,Sheffield,Def Leppard,10792689,6056540,0,2026-07-18T20:40:00.993779+00:00,Spotify web-player queryArtistOverview,undocumented read-only web-client endpoint
Moloko,Sheffield,Sheffield,reviewed,existing_catalogue,https://musicbrainz.org/artist/2f94016a-3880-4d8c-9af9-0e197ee77189,high,4aaBjq7VqqQvpSF69GglvO,Moloko,Moloko,2f94016a-3880-4d8c-9af9-0e197ee77189,,reused balanced 100-band catalogue,agent_addition,,8,UK010F,Sheffield,2024,1217504,OECD/EU Functional Urban Area,https://data-explorer.oecd.org/vis?df%5Bag%5D=OECD.CFE.EDS&df%5Bds%5D=dsDisseminateFinalDMZ&df%5Bid%5D=DSD_FUA_DEMO%40DF_AGE_SEX&lc=en,True,Moloko,Sheffield,Moloko,2507932,516418,0,2026-07-18T20:40:00.993779+00:00,Spotify web-player queryArtistOverview,undocumented read-only web-client endpoint
Pulp,Sheffield,Sheffield,reviewed,existing_catalogue,https://musicbrainz.org/artist/76b2e842-5e85-4c97-ab62-d5bc315595b5,high,36E7oYfz3LLRto6l2WmDcD,Pulp,Pulp,76b2e842-5e85-4c97-ab62-d5bc315595b5,,reused balanced 100-band catalogue,existing_shortlist,,8,UK010F,Sheffield,2024,1217504,OECD/EU Functional Urban Area,https://data-explorer.oecd.org/vis?df%5Bag%5D=OECD.CFE.EDS&df%5Bds%5D=dsDisseminateFinalDMZ&df%5Bid%5D=DSD_FUA_DEMO%40DF_AGE_SEX&lc=en,True,Pulp,Sheffield,Pulp,2830863,1164307,0,2026-07-18T20:40:00.993779+00:00,Spotify web-player queryArtistOverview,undocumented read-only web-client endpoint
The Human League,Sheffield,Sheffield,reviewed,existing_catalogue,https://musicbrainz.org/artist/7adaabfb-acfb-47bc-8c7c-59471c2f0db8,high,1aX2dmV8XoHYCOQRxjPESG,The Human League,The Human League,7adaabfb-acfb-47bc-8c7c-59471c2f0db8,,reused balanced 100-band catalogue,existing_shortlist,,8,UK010F,Sheffield,2024,1217504,OECD/EU Functional Urban Area,https://data-explorer.oecd.org/vis?df%5Bag%5D=OECD.CFE.EDS&df%5Bds%5D=dsDisseminateFinalDMZ&df%5Bid%5D=DSD_FUA_DEMO%40DF_AGE_SEX&lc=en,True,The Human League,Sheffield,The Human League,6085844,1370364,0,2026-07-18T20:40:00.993779+00:00,Spotify web-player queryArtistOverview,undocumented read-only web-client endpoint
The Last Shadow Puppets,Sheffield,Sheffield,reviewed,existing_catalogue,https://musicbrainz.org/artist/8a3e1c4f-59a8-457a-826c-fe961419a8ae,high,2Z7UcsdweVlRbAk5wH5fsf,The Last Shadow Puppets,The Last Shadow Puppets,8a3e1c4f-59a8-457a-826c-fe961419a8ae,,reused balanced 100-band catalogue,popularity_first_replacement,Replaces Heaven 17 after comparison with the audited popularity-first catalogue.,8,UK010F,Sheffield,2024,1217504,OECD/EU Functional Urban Area,https://data-explorer.oecd.org/vis?df%5Bag%5D=OECD.CFE.EDS&df%5Bds%5D=dsDisseminateFinalDMZ&df%5Bid%5D=DSD_FUA_DEMO%40DF_AGE_SEX&lc=en,True,The Last Shadow Puppets,Sheffield,The Last Shadow Puppets,1305891,1251280,0,2026-07-18T20:45:22.974241+00:00,Spotify web-player queryArtistOverview,undocumented read-only web-client endpoint
Thompson Twins,Sheffield,Sheffield,reviewed,existing_catalogue,https://musicbrainz.org/artist/228af6b5-f691-4ed2-a63b-10cc6fcc1144,high,5jVeqi3PNaTOajfvBa4uFn,Thompson Twins,Thompson Twins,228af6b5-f691-4ed2-a63b-10cc6fcc1144,,reused balanced 100-band catalogue,agent_addition,,8,UK010F,Sheffield,2024,1217504,OECD/EU Functional Urban Area,https://data-explorer.oecd.org/vis?df%5Bag%5D=OECD.CFE.EDS&df%5Bds%5D=dsDisseminateFinalDMZ&df%5Bid%5D=DSD_FUA_DEMO%40DF_AGE_SEX&lc=en,True,Thompson Twins,Sheffield,Thompson Twins,2069490,750750,0,2026-07-18T20:40:00.993779+00:00,Spotify web-player queryArtistOverview,undocumented read-only web-client endpoint
Fuck Buttons,Bristol,Bristol,reviewed,existing_catalogue,https://musicbrainz.org/artist/f4640b20-b76b-40d3-9ffc-a38b6718b273,high,6tCENAD2FBfIMyygJMeOJV,Fuck Buttons,Fuck Buttons,f4640b20-b76b-40d3-9ffc-a38b6718b273,,reused balanced 100-band catalogue,agent_addition,,9,UK011F,Bristol,2024,1025309,OECD/EU Functional Urban Area,https://data-explorer.oecd.org/vis?df%5Bag%5D=OECD.CFE.EDS&df%5Bds%5D=dsDisseminateFinalDMZ&df%5Bid%5D=DSD_FUA_DEMO%40DF_AGE_SEX&lc=en,True,Fuck Buttons,Bristol,Fuck Buttons,23928,63138,0,2026-07-18T20:40:00.993779+00:00,Spotify web-player queryArtistOverview,undocumented read-only web-client endpoint
Idles,Bristol,Bristol,reviewed,existing_catalogue,https://musicbrainz.org/artist/be465d4f-c28d-4ba1-94ab-ebaada7db8af,high,75mafsNqNE1WSEVxIKuY5C,IDLES,IDLES,be465d4f-c28d-4ba1-94ab-ebaada7db8af,,reused balanced 100-band catalogue,existing_shortlist,,9,UK011F,Bristol,2024,1025309,OECD/EU Functional Urban Area,https://data-explorer.oecd.org/vis?df%5Bag%5D=OECD.CFE.EDS&df%5Bds%5D=dsDisseminateFinalDMZ&df%5Bid%5D=DSD_FUA_DEMO%40DF_AGE_SEX&lc=en,True,Idles,Bristol,IDLES,1060008,893225,0,2026-07-18T20:40:00.993779+00:00,Spotify web-player queryArtistOverview,undocumented read-only web-client endpoint
Kosheen,Bristol,Bristol,reviewed,existing_catalogue,https://musicbrainz.org/artist/4f4bda3c-d636-4135-b65a-6cc26bc75788,high,5squ8uM6fhMQY71t9xobJC,Kosheen,Kosheen,4f4bda3c-d636-4135-b65a-6cc26bc75788,,reused balanced 100-band catalogue,existing_shortlist,,9,UK011F,Bristol,2024,1025309,OECD/EU Functional Urban Area,https://data-explorer.oecd.org/vis?df%5Bag%5D=OECD.CFE.EDS&df%5Bds%5D=dsDisseminateFinalDMZ&df%5Bid%5D=DSD_FUA_DEMO%40DF_AGE_SEX&lc=en,True,Kosheen,Bristol,Kosheen,1391320,161015,0,2026-07-18T20:40:00.993779+00:00,Spotify web-player queryArtistOverview,undocumented read-only web-client endpoint
Massive Attack,Bristol,Bristol,reviewed,existing_catalogue,https://musicbrainz.org/artist/10adbe5e-a2c0-4bf3-8249-2b4cbf6e6ca8,high,6FXMGgJwohJLUSr5nVlf9X,Massive Attack,Massive Attack,10adbe5e-a2c0-4bf3-8249-2b4cbf6e6ca8,,reused balanced 100-band catalogue,existing_shortlist,,9,UK011F,Bristol,2024,1025309,OECD/EU Functional Urban Area,https://data-explorer.oecd.org/vis?df%5Bag%5D=OECD.CFE.EDS&df%5Bds%5D=dsDisseminateFinalDMZ&df%5Bid%5D=DSD_FUA_DEMO%40DF_AGE_SEX&lc=en,True,Massive Attack,Bristol,Massive Attack,8692931,2943616,0,2026-07-18T20:40:00.993779+00:00,Spotify web-player queryArtistOverview,undocumented read-only web-client endpoint
Portishead,Bristol,Bristol,reviewed,existing_catalogue,https://musicbrainz.org/artist/8f6bd1e4-fbe1-4f50-aa9b-94c450ec0f11,high,6liAMWkVf5LH7YR9yfFy1Y,Portishead,Portishead,8f6bd1e4-fbe1-4f50-aa9b-94c450ec0f11,,reused balanced 100-band catalogue,existing_shortlist,,9,UK011F,Bristol,2024,1025309,OECD/EU Functional Urban Area,https://data-explorer.oecd.org/vis?df%5Bag%5D=OECD.CFE.EDS&df%5Bds%5D=dsDisseminateFinalDMZ&df%5Bid%5D=DSD_FUA_DEMO%40DF_AGE_SEX&lc=en,True,Portishead,Bristol,Portishead,5958911,2540792,0,2026-07-18T20:40:00.993779+00:00,Spotify web-player queryArtistOverview,undocumented read-only web-client endpoint
Roni Size / Reprazent,Bristol,Bristol,reviewed,existing_catalogue,https://musicbrainz.org/artist/45e00f0f-f52b-4db8-a480-cf87b71c4800,high,0QJsUBH0PcoT2fYI1F1Oee,Roni Size Reprazent,Roni Size / Reprazent,45e00f0f-f52b-4db8-a480-cf87b71c4800,,reused balanced 100-band catalogue,agent_addition,Formally eligible named group; drum-and-bass editorial review.,9,UK011F,Bristol,2024,1025309,OECD/EU Functional Urban Area,https://data-explorer.oecd.org/vis?df%5Bag%5D=OECD.CFE.EDS&df%5Bds%5D=dsDisseminateFinalDMZ&df%5Bid%5D=DSD_FUA_DEMO%40DF_AGE_SEX&lc=en,True,Roni Size / Reprazent,Bristol,Roni Size Reprazent,306,1053,0,2026-07-18T20:40:00.993779+00:00,Spotify web-player queryArtistOverview,undocumented read-only web-client endpoint
Smith & Mighty,Bristol,Bristol,reviewed,existing_catalogue,https://musicbrainz.org/artist/47cfcf6b-44d5-4a8d-ad12-47722c88468c,high,5fegFJAeq9eItFZf8oPIin,Smith & Mighty,Smith & Mighty,47cfcf6b-44d5-4a8d-ad12-47722c88468c,,reused balanced 100-band catalogue,eligibility_replacement,Replaces solo artist Tricky in the independent scene-depth catalogue.,9,UK011F,Bristol,2024,1025309,OECD/EU Functional Urban Area,https://data-explorer.oecd.org/vis?df%5Bag%5D=OECD.CFE.EDS&df%5Bds%5D=dsDisseminateFinalDMZ&df%5Bid%5D=DSD_FUA_DEMO%40DF_AGE_SEX&lc=en,True,Smith & Mighty,Bristol,Smith & Mighty,50307,13250,0,2026-07-18T20:40:00.993779+00:00,Spotify web-player queryArtistOverview,undocumented read-only web-client endpoint
The Blue Aeroplanes,Bristol,Bristol,reviewed,existing_catalogue,https://musicbrainz.org/artist/935295a6-8b6c-4de6-819c-da5113dac8fc,high,4MTSrVgHNfGtYV9pek8vY5,The Blue Aeroplanes,The Blue Aeroplanes,935295a6-8b6c-4de6-819c-da5113dac8fc,,reused balanced 100-band catalogue,agent_addition,,9,UK011F,Bristol,2024,1025309,OECD/EU Functional Urban Area,https://data-explorer.oecd.org/vis?df%5Bag%5D=OECD.CFE.EDS&df%5Bds%5D=dsDisseminateFinalDMZ&df%5Bid%5D=DSD_FUA_DEMO%40DF_AGE_SEX&lc=en,True,The Blue Aeroplanes,Bristol,The Blue Aeroplanes,16407,13722,0,2026-07-18T20:40:00.993779+00:00,Spotify web-player queryArtistOverview,undocumented read-only web-client endpoint
The Pop Group,Bristol,Bristol,reviewed,existing_catalogue,https://musicbrainz.org/artist/4c9f194e-6235-475a-bf7b-2fd54a0879ec,high,3fBmq4xVcd346QvErp6fko,The Pop Group,The Pop Group,4c9f194e-6235-475a-bf7b-2fd54a0879ec,,reused balanced 100-band catalogue,agent_addition,,9,UK011F,Bristol,2024,1025309,OECD/EU Functional Urban Area,https://data-explorer.oecd.org/vis?df%5Bag%5D=OECD.CFE.EDS&df%5Bds%5D=dsDisseminateFinalDMZ&df%5Bid%5D=DSD_FUA_DEMO%40DF_AGE_SEX&lc=en,True,The Pop Group,Bristol,The Pop Group,12022,34565,0,2026-07-18T20:40:00.993779+00:00,Spotify web-player queryArtistOverview,undocumented read-only web-client endpoint
Way Out West,Bristol,Bristol,reviewed,existing_catalogue,https://musicbrainz.org/artist/2c2a80cf-193d-4be6-992e-311428085474,high,3HghjRl8Mo6OJWG0WElY2z,Way Out West,Way Out West,2c2a80cf-193d-4be6-992e-311428085474,,reused balanced 100-band catalogue,agent_addition,,9,UK011F,Bristol,2024,1025309,OECD/EU Functional Urban Area,https://data-explorer.oecd.org/vis?df%5Bag%5D=OECD.CFE.EDS&df%5Bds%5D=dsDisseminateFinalDMZ&df%5Bid%5D=DSD_FUA_DEMO%40DF_AGE_SEX&lc=en,True,Way Out West,Bristol,Way Out West,183677,50191,0,2026-07-18T20:40:00.993779+00:00,Spotify web-player queryArtistOverview,undocumented read-only web-client endpoint
Cornershop,Leicester,Leicester,reviewed,exact,https://www.wikidata.org/wiki/Q1134101,high,3Kf7VEIRWquxrNIuyJZnfF,,Cornershop,,Q1134101,top-20 city candidate review,Wikidata and MusicBrainz,,10,UK014F,Leicester,2024,967988,OECD/EU Functional Urban Area,https://data-explorer.oecd.org/vis?df%5Bag%5D=OECD.CFE.EDS&df%5Bds%5D=dsDisseminateFinalDMZ&df%5Bid%5D=DSD_FUA_DEMO%40DF_AGE_SEX&lc=en,True,Cornershop,Leicester,Cornershop,920853,85161,0,2026-07-18T20:40:00.993779+00:00,Spotify web-player queryArtistOverview,undocumented read-only web-client endpoint
Crazyhead,Leicester,Leicester,reviewed,exact,https://www.wikidata.org/wiki/Q950290,high,3gGaQo8fmPTSYUtiwwaBCF,,Crazyhead,,Q950290,top-20 city candidate review,Wikidata and MusicBrainz,,10,UK014F,Leicester,2024,967988,OECD/EU Functional Urban Area,https://data-explorer.oecd.org/vis?df%5Bag%5D=OECD.CFE.EDS&df%5Bds%5D=dsDisseminateFinalDMZ&df%5Bid%5D=DSD_FUA_DEMO%40DF_AGE_SEX&lc=en,True,Crazyhead,Leicester,Crazyhead,834,1168,0,2026-07-18T20:40:00.993779+00:00,Spotify web-player queryArtistOverview,undocumented read-only web-client endpoint
Diesel Park West,Leicester,Leicester,reviewed,exact,https://musicbrainz.org/artist/5fb75d1b-7841-4623-8e5d-825468b75850,high,0GErzC8ZI8EEGJ01vAbNCX,Diesel Park West,Diesel Park West,5fb75d1b-7841-4623-8e5d-825468b75850,,top-20 city candidate review,editorial candidate,,10,UK014F,Leicester,2024,967988,OECD/EU Functional Urban Area,https://data-explorer.oecd.org/vis?df%5Bag%5D=OECD.CFE.EDS&df%5Bds%5D=dsDisseminateFinalDMZ&df%5Bid%5D=DSD_FUA_DEMO%40DF_AGE_SEX&lc=en,True,Diesel Park West,Leicester,Diesel Park West,4789,2145,0,2026-07-18T20:40:00.993779+00:00,Spotify web-player queryArtistOverview,undocumented read-only web-client endpoint
Family,Leicester,Leicester,reviewed,exact,https://musicbrainz.org/artist/7745d370-9cf1-41be-916c-9c8d2e502628,high,0FtsBt4gg67x9q0CS5FhB6,Family,Family,7745d370-9cf1-41be-916c-9c8d2e502628,,top-20 city candidate review,editorial candidate,Ambiguous artist name requires an explicit Spotify identifier.,10,UK014F,Leicester,2024,967988,OECD/EU Functional Urban Area,https://data-explorer.oecd.org/vis?df%5Bag%5D=OECD.CFE.EDS&df%5Bds%5D=dsDisseminateFinalDMZ&df%5Bid%5D=DSD_FUA_DEMO%40DF_AGE_SEX&lc=en,True,Family,Leicester,Family,11707,16653,0,2026-07-18T20:40:00.993779+00:00,Spotify web-player queryArtistOverview,undocumented read-only web-client endpoint
Gaye Bykers on Acid,Leicester,Leicester,reviewed,exact,https://musicbrainz.org/artist/a3186bd5-e233-4118-8e30-015fd0a610a0,high,1JK7CE0ig3GPpTVIzFMgfJ,Gaye Bykers on Acid,Gaye Bykers on Acid,a3186bd5-e233-4118-8e30-015fd0a610a0,,top-20 city candidate review,editorial candidate,,10,UK014F,Leicester,2024,967988,OECD/EU Functional Urban Area,https://data-explorer.oecd.org/vis?df%5Bag%5D=OECD.CFE.EDS&df%5Bds%5D=dsDisseminateFinalDMZ&df%5Bid%5D=DSD_FUA_DEMO%40DF_AGE_SEX&lc=en,True,Gaye Bykers on Acid,Leicester,Gaye Bykers On Acid,799,2981,0,2026-07-18T20:40:00.993779+00:00,Spotify web-player queryArtistOverview,undocumented read-only web-client endpoint
Kasabian,Leicester,Leicester,reviewed,exact,https://www.wikidata.org/wiki/Q272517,high,11wRdbnoYqRddKBrpHt4Ue,,Kasabian,,Q272517,top-20 city candidate review,Wikidata and MusicBrainz,,10,UK014F,Leicester,2024,967988,OECD/EU Functional Urban Area,https://data-explorer.oecd.org/vis?df%5Bag%5D=OECD.CFE.EDS&df%5Bds%5D=dsDisseminateFinalDMZ&df%5Bid%5D=DSD_FUA_DEMO%40DF_AGE_SEX&lc=en,True,Kasabian,Leicester,Kasabian,3649101,1926968,0,2026-07-18T20:40:00.993779+00:00,Spotify web-player queryArtistOverview,undocumented read-only web-client endpoint
Maybeshewill,Leicester,Leicester,reviewed,exact,https://www.wikidata.org/wiki/Q545593,high,33qUIIydEBgWpe58IA0o61,,Maybeshewill,,Q545593,top-20 city candidate review,Wikidata and MusicBrainz,,10,UK014F,Leicester,2024,967988,OECD/EU Functional Urban Area,https://data-explorer.oecd.org/vis?df%5Bag%5D=OECD.CFE.EDS&df%5Bds%5D=dsDisseminateFinalDMZ&df%5Bid%5D=DSD_FUA_DEMO%40DF_AGE_SEX&lc=en,True,Maybeshewill,Leicester,Maybeshewill,5414,95611,0,2026-07-18T20:40:00.993779+00:00,Spotify web-player queryArtistOverview,undocumented read-only web-client endpoint
Prolapse,Leicester,Leicester,reviewed,exact,https://prolapse2.bandcamp.com/,high,2fXWTI5Hz7wg05oRqDLBwg,Prolapse,Prolapse,4b8cb083-b59a-43d6-a4e8-6bf089430b17,,top-20 city candidate review,manual identity and origin review,Official Bandcamp identifies Leicester formation.,10,UK014F,Leicester,2024,967988,OECD/EU Functional Urban Area,https://data-explorer.oecd.org/vis?df%5Bag%5D=OECD.CFE.EDS&df%5Bds%5D=dsDisseminateFinalDMZ&df%5Bid%5D=DSD_FUA_DEMO%40DF_AGE_SEX&lc=en,True,Prolapse,Leicester,Prolapse,1986,3893,0,2026-07-18T20:40:00.993779+00:00,Spotify web-player queryArtistOverview,undocumented read-only web-client endpoint
Showaddywaddy,Leicester,Leicester,reviewed,exact,https://www.showaddywaddy.net/biogs/history.html,high,3zIIUxcnIoUMouVQdphkeC,,Showaddywaddy,,Q731797,top-20 city candidate review,manual origin review,The band's official history identifies Leicester formation.,10,UK014F,Leicester,2024,967988,OECD/EU Functional Urban Area,https://data-explorer.oecd.org/vis?df%5Bag%5D=OECD.CFE.EDS&df%5Bds%5D=dsDisseminateFinalDMZ&df%5Bid%5D=DSD_FUA_DEMO%40DF_AGE_SEX&lc=en,True,Showaddywaddy,Leicester,Showaddywaddy,178641,93848,0,2026-07-18T20:40:00.993779+00:00,Spotify web-player queryArtistOverview,undocumented read-only web-client endpoint
hard life,Leicester,Leicester,reviewed,exact,https://www.allmusic.com/artist/hard-life-mn0004837245,high,7uwY65fDg3FVJ8MkJ5QuZK,,hard life,,,top-20 city candidate review,manual identity and origin review,AllMusic identifies Leicester formation; the same act previously released as Easy Life.,10,UK014F,Leicester,2024,967988,OECD/EU Functional Urban Area,https://data-explorer.oecd.org/vis?df%5Bag%5D=OECD.CFE.EDS&df%5Bds%5D=dsDisseminateFinalDMZ&df%5Bid%5D=DSD_FUA_DEMO%40DF_AGE_SEX&lc=en,True,hard life,Leicester,hard life,664952,342751,0,2026-07-18T20:40:00.993779+00:00,Spotify web-player queryArtistOverview,undocumented read-only web-client endpoint
Budgie,Cardiff,Cardiff,reviewed,exact,https://www.wikidata.org/wiki/Q508678,high,42RbQv212uOjyfIXECLKfR,,Budgie,,Q508678,top-20 city candidate review,Wikidata and MusicBrainz,,11,UK009F,Cardiff,2024,939371,OECD/EU Functional Urban Area,https://data-explorer.oecd.org/vis?df%5Bag%5D=OECD.CFE.EDS&df%5Bds%5D=dsDisseminateFinalDMZ&df%5Bid%5D=DSD_FUA_DEMO%40DF_AGE_SEX&lc=en,True,Budgie,Cardiff,Budgie,102853,94464,0,2026-07-18T20:40:00.993779+00:00,Spotify web-player queryArtistOverview,undocumented read-only web-client endpoint
Catatonia,Cardiff,Cardiff,reviewed,exact,https://www.wikidata.org/wiki/Q1050456,high,4Bgfzia8wyaGaTn42egzTv,,Catatonia,,Q1050456,top-20 city candidate review,Wikidata and MusicBrainz,,11,UK009F,Cardiff,2024,939371,OECD/EU Functional Urban Area,https://data-explorer.oecd.org/vis?df%5Bag%5D=OECD.CFE.EDS&df%5Bds%5D=dsDisseminateFinalDMZ&df%5Bid%5D=DSD_FUA_DEMO%40DF_AGE_SEX&lc=en,True,Catatonia,Cardiff,Catatonia,301265,90480,0,2026-07-18T20:40:00.993779+00:00,Spotify web-player queryArtistOverview,undocumented read-only web-client endpoint
Kids in Glass Houses,Cardiff,Cardiff,reviewed,exact,https://musicbrainz.org/artist/a7da8d09-c406-4fdc-8cb0-affa39ffbabb,high,0d630stEgFcD3GTKZPZFzY,Kids in Glass Houses,Kids in Glass Houses,a7da8d09-c406-4fdc-8cb0-affa39ffbabb,,top-20 city candidate review,editorial candidate,,11,UK009F,Cardiff,2024,939371,OECD/EU Functional Urban Area,https://data-explorer.oecd.org/vis?df%5Bag%5D=OECD.CFE.EDS&df%5Bds%5D=dsDisseminateFinalDMZ&df%5Bid%5D=DSD_FUA_DEMO%40DF_AGE_SEX&lc=en,True,Kids in Glass Houses,Cardiff,Kids In Glass Houses,43510,57484,0,2026-07-18T20:40:00.993779+00:00,Spotify web-player queryArtistOverview,undocumented read-only web-client endpoint
Los Campesinos!,Cardiff,Cardiff,reviewed,exact,https://www.wikidata.org/wiki/Q1856023,high,6FlOCziOXI157pvUREAh3E,,Los Campesinos!,,Q1856023,top-20 city candidate review,Wikidata and MusicBrainz,,11,UK009F,Cardiff,2024,939371,OECD/EU Functional Urban Area,https://data-explorer.oecd.org/vis?df%5Bag%5D=OECD.CFE.EDS&df%5Bds%5D=dsDisseminateFinalDMZ&df%5Bid%5D=DSD_FUA_DEMO%40DF_AGE_SEX&lc=en,True,Los Campesinos!,Cardiff,Los Campesinos!,507510,209086,0,2026-07-18T20:40:00.993779+00:00,Spotify web-player queryArtistOverview,undocumented read-only web-client endpoint
Manic Street Preachers,Cardiff,Blackwood,reviewed,exact,https://www.wikidata.org/wiki/Q217025,high,2uH0RyPcX7fnCcT90HFDQX,,Manic Street Preachers,,Q217025,top-20 city candidate review,editorial candidate,Blackwood FUA membership needs boundary review.,11,UK009F,Cardiff,2024,939371,OECD/EU Functional Urban Area,https://data-explorer.oecd.org/vis?df%5Bag%5D=OECD.CFE.EDS&df%5Bds%5D=dsDisseminateFinalDMZ&df%5Bid%5D=DSD_FUA_DEMO%40DF_AGE_SEX&lc=en,True,Manic Street Preachers,Cardiff,Manic Street Preachers,893282,751312,0,2026-07-18T20:40:00.993779+00:00,Spotify web-player queryArtistOverview,undocumented read-only web-client endpoint
Mclusky,Cardiff,Cardiff,reviewed,exact,https://www.wikidata.org/wiki/Q1761282,high,3xA9AB0f4BVjsSlyQc12iE,,Mclusky,,Q1761282,top-20 city candidate review,Wikidata and MusicBrainz,,11,UK009F,Cardiff,2024,939371,OECD/EU Functional Urban Area,https://data-explorer.oecd.org/vis?df%5Bag%5D=OECD.CFE.EDS&df%5Bds%5D=dsDisseminateFinalDMZ&df%5Bid%5D=DSD_FUA_DEMO%40DF_AGE_SEX&lc=en,True,Mclusky,Cardiff,Mclusky,51917,50828,0,2026-07-18T20:40:00.993779+00:00,Spotify web-player queryArtistOverview,undocumented read-only web-client endpoint
Stereophonics,Cardiff,Cwmaman,reviewed,exact,https://www.wikidata.org/wiki/Q28963,high,21UJ7PRWb3Etgsu99f8yo8,,Stereophonics,,Q28963,top-20 city candidate review,editorial candidate,Cwmaman FUA membership needs boundary review.,11,UK009F,Cardiff,2024,939371,OECD/EU Functional Urban Area,https://data-explorer.oecd.org/vis?df%5Bag%5D=OECD.CFE.EDS&df%5Bds%5D=dsDisseminateFinalDMZ&df%5Bid%5D=DSD_FUA_DEMO%40DF_AGE_SEX&lc=en,True,Stereophonics,Cardiff,Stereophonics,5187258,1843050,0,2026-07-18T20:40:00.993779+00:00,Spotify web-player queryArtistOverview,undocumented read-only web-client endpoint
Super Furry Animals,Cardiff,Cardiff,reviewed,exact,https://www.wikidata.org/wiki/Q1135582,high,0FOcXqJgJ1oq9XfzYTDZmZ,,Super Furry Animals,,Q1135582,top-20 city candidate review,Wikidata and MusicBrainz,,11,UK009F,Cardiff,2024,939371,OECD/EU Functional Urban Area,https://data-explorer.oecd.org/vis?df%5Bag%5D=OECD.CFE.EDS&df%5Bds%5D=dsDisseminateFinalDMZ&df%5Bid%5D=DSD_FUA_DEMO%40DF_AGE_SEX&lc=en,True,Super Furry Animals,Cardiff,Super Furry Animals,149540,131452,0,2026-07-18T20:40:00.993779+00:00,Spotify web-player queryArtistOverview,undocumented read-only web-client endpoint
The Automatic,Cardiff,Cowbridge,reviewed,exact,https://musicbrainz.org/artist/afe5e238-d248-4da4-87b7-e70dfab787f6,high,7IZcg74X6CKzf0SfRliRrB,The Automatic,The Automatic,afe5e238-d248-4da4-87b7-e70dfab787f6,,top-20 city candidate review,editorial candidate,Cowbridge FUA membership needs boundary review.,11,UK009F,Cardiff,2024,939371,OECD/EU Functional Urban Area,https://data-explorer.oecd.org/vis?df%5Bag%5D=OECD.CFE.EDS&df%5Bds%5D=dsDisseminateFinalDMZ&df%5Bid%5D=DSD_FUA_DEMO%40DF_AGE_SEX&lc=en,True,The Automatic,Cardiff,The Automatic,137134,34228,0,2026-07-18T20:40:00.993779+00:00,Spotify web-player queryArtistOverview,undocumented read-only web-client endpoint
Young Marble Giants,Cardiff,Cardiff,reviewed,exact,https://www.wikidata.org/wiki/Q2164036,high,0tQ2Q4y9iUkKszxXyB14ZH,,Young Marble Giants,,Q2164036,top-20 city candidate review,Wikidata and MusicBrainz,,11,UK009F,Cardiff,2024,939371,OECD/EU Functional Urban Area,https://data-explorer.oecd.org/vis?df%5Bag%5D=OECD.CFE.EDS&df%5Bds%5D=dsDisseminateFinalDMZ&df%5Bid%5D=DSD_FUA_DEMO%40DF_AGE_SEX&lc=en,True,Young Marble Giants,Cardiff,Young Marble Giants,42598,62664,0,2026-07-18T20:40:00.993779+00:00,Spotify web-player queryArtistOverview,undocumented read-only web-client endpoint
Bent,Nottingham,Nottingham,reviewed,existing_catalogue,https://musicbrainz.org/artist/0a77bec1-12ef-4caa-b36a-f533001fcd29,high,59xljcfdN2Z9VX2U5RFKEa,Bent,Bent,0a77bec1-12ef-4caa-b36a-f533001fcd29,,reused balanced 100-band catalogue,agent_addition,,12,UK029F,Nottingham,2024,936382,OECD/EU Functional Urban Area,https://data-explorer.oecd.org/vis?df%5Bag%5D=OECD.CFE.EDS&df%5Bds%5D=dsDisseminateFinalDMZ&df%5Bid%5D=DSD_FUA_DEMO%40DF_AGE_SEX&lc=en,True,Bent,Nottingham,Bent,395153,85135,0,2026-07-18T20:40:00.993779+00:00,Spotify web-player queryArtistOverview,undocumented read-only web-client endpoint
Crazy P,Nottingham,Nottingham,reviewed,existing_catalogue,https://musicbrainz.org/artist/45644225-982e-4b76-a529-d8f9688e9a7d,high,6jOz2B9qeID4dLP1o8bFGf,Crazy P,Crazy P,45644225-982e-4b76-a529-d8f9688e9a7d,,reused balanced 100-band catalogue,agent_addition,,12,UK029F,Nottingham,2024,936382,OECD/EU Functional Urban Area,https://data-explorer.oecd.org/vis?df%5Bag%5D=OECD.CFE.EDS&df%5Bds%5D=dsDisseminateFinalDMZ&df%5Bid%5D=DSD_FUA_DEMO%40DF_AGE_SEX&lc=en,True,Crazy P,Nottingham,Crazy P,1027564,158049,0,2026-07-18T20:40:00.993779+00:00,Spotify web-player queryArtistOverview,undocumented read-only web-client endpoint
Dog Is Dead,Nottingham,Nottingham,reviewed,existing_catalogue,https://en.wikipedia.org/wiki/Dog_Is_Dead,high,1XwRhEHqiCVgiEJQk66fyy,D.I.D,D.I.D,,,reused balanced 100-band catalogue,existing_shortlist,Corrects the known bad Spotify match only inside the independent scene-depth experiment.,12,UK029F,Nottingham,2024,936382,OECD/EU Functional Urban Area,https://data-explorer.oecd.org/vis?df%5Bag%5D=OECD.CFE.EDS&df%5Bds%5D=dsDisseminateFinalDMZ&df%5Bid%5D=DSD_FUA_DEMO%40DF_AGE_SEX&lc=en,True,Dog Is Dead,Nottingham,D.I.D,15349,26023,0,2026-07-18T20:40:00.993779+00:00,Spotify web-player queryArtistOverview,undocumented read-only web-client endpoint
London Grammar,Nottingham,Nottingham,reviewed,existing_catalogue,https://musicbrainz.org/artist/4dbe08c1-b40a-43b3-ab89-210000bd8ab2,high,3Bd1cgCjtCI32PYvDC3ynO,London Grammar,London Grammar,4dbe08c1-b40a-43b3-ab89-210000bd8ab2,,reused balanced 100-band catalogue,existing_shortlist,,12,UK029F,Nottingham,2024,936382,OECD/EU Functional Urban Area,https://data-explorer.oecd.org/vis?df%5Bag%5D=OECD.CFE.EDS&df%5Bds%5D=dsDisseminateFinalDMZ&df%5Bid%5D=DSD_FUA_DEMO%40DF_AGE_SEX&lc=en,True,London Grammar,Nottingham,London Grammar,2832139,1695264,0,2026-07-18T20:40:00.993779+00:00,Spotify web-player queryArtistOverview,undocumented read-only web-client endpoint
Paper Lace,Nottingham,Nottingham,reviewed,existing_catalogue,https://musicbrainz.org/artist/c62995d6-a622-43e0-ae11-12a0f8638deb,high,33W24YuaMUEk85MwRX6cRs,Paper Lace,Paper Lace,c62995d6-a622-43e0-ae11-12a0f8638deb,,reused balanced 100-band catalogue,eligibility_replacement,Replaces solo artist Jake Bugg in the independent scene-depth catalogue.,12,UK029F,Nottingham,2024,936382,OECD/EU Functional Urban Area,https://data-explorer.oecd.org/vis?df%5Bag%5D=OECD.CFE.EDS&df%5Bds%5D=dsDisseminateFinalDMZ&df%5Bid%5D=DSD_FUA_DEMO%40DF_AGE_SEX&lc=en,True,Paper Lace,Nottingham,Paper Lace,203759,42819,0,2026-07-18T20:40:00.993779+00:00,Spotify web-player queryArtistOverview,undocumented read-only web-client endpoint
Pitchshifter,Nottingham,Nottingham,reviewed,existing_catalogue,https://musicbrainz.org/artist/fe8ab7ee-c664-4d44-aec1-5b58ae937a5c,high,10aXVE8RSUCeMzaFvBnZ2i,Pitchshifter,Pitchshifter,fe8ab7ee-c664-4d44-aec1-5b58ae937a5c,,reused balanced 100-band catalogue,agent_addition,,12,UK029F,Nottingham,2024,936382,OECD/EU Functional Urban Area,https://data-explorer.oecd.org/vis?df%5Bag%5D=OECD.CFE.EDS&df%5Bds%5D=dsDisseminateFinalDMZ&df%5Bid%5D=DSD_FUA_DEMO%40DF_AGE_SEX&lc=en,True,Pitchshifter,Nottingham,Pitchshifter,43987,48946,0,2026-07-18T20:40:00.993779+00:00,Spotify web-player queryArtistOverview,undocumented read-only web-client endpoint
Six by Seven,Nottingham,Nottingham,reviewed,existing_catalogue,https://musicbrainz.org/artist/5e2e050f-7280-464e-b251-0a1272c43300,high,4TXdHyuAOl3rAOFmZ6MeKz,Six by Seven,Six by Seven,5e2e050f-7280-464e-b251-0a1272c43300,,reused balanced 100-band catalogue,agent_addition,,12,UK029F,Nottingham,2024,936382,OECD/EU Functional Urban Area,https://data-explorer.oecd.org/vis?df%5Bag%5D=OECD.CFE.EDS&df%5Bds%5D=dsDisseminateFinalDMZ&df%5Bid%5D=DSD_FUA_DEMO%40DF_AGE_SEX&lc=en,True,Six by Seven,Nottingham,Six by Seven,2491,5018,0,2026-07-18T20:40:00.993779+00:00,Spotify web-player queryArtistOverview,undocumented read-only web-client endpoint
Sleaford Mods,Nottingham,Nottingham,reviewed,existing_catalogue,https://musicbrainz.org/artist/09d8290b-6ada-422f-8ce3-19349fb1c15d,high,0otAqZw8htTsGHfqR491Yh,Sleaford Mods,Sleaford Mods,09d8290b-6ada-422f-8ce3-19349fb1c15d,,reused balanced 100-band catalogue,existing_shortlist,,12,UK029F,Nottingham,2024,936382,OECD/EU Functional Urban Area,https://data-explorer.oecd.org/vis?df%5Bag%5D=OECD.CFE.EDS&df%5Bds%5D=dsDisseminateFinalDMZ&df%5Bid%5D=DSD_FUA_DEMO%40DF_AGE_SEX&lc=en,True,Sleaford Mods,Nottingham,Sleaford Mods,336962,304620,0,2026-07-18T20:40:00.993779+00:00,Spotify web-player queryArtistOverview,undocumented read-only web-client endpoint
Ten Years After,Nottingham,Nottingham,reviewed,existing_catalogue,https://nottsmusicarchive.com/ten-years-after/,medium,7nkLRaWHImCvWGHdNGnhVE,Ten Years After,Ten Years After,73faa89a-ee00-4e40-b68e-80e4891dbc45,,reused balanced 100-band catalogue,existing_shortlist,MusicBrainz lists London but Nottingham sources document the band's local roots and formation.,12,UK029F,Nottingham,2024,936382,OECD/EU Functional Urban Area,https://data-explorer.oecd.org/vis?df%5Bag%5D=OECD.CFE.EDS&df%5Bds%5D=dsDisseminateFinalDMZ&df%5Bid%5D=DSD_FUA_DEMO%40DF_AGE_SEX&lc=en,True,Ten Years After,Nottingham,Ten Years After,2124380,656932,0,2026-07-18T20:40:00.993779+00:00,Spotify web-player queryArtistOverview,undocumented read-only web-client endpoint
Tindersticks,Nottingham,Nottingham,reviewed,existing_catalogue,https://musicbrainz.org/artist/4306a798-e2f8-4192-9a45-2fd41cdae60c,high,3dmSPhg0tdao8ePj4pySJ5,Tindersticks,Tindersticks,4306a798-e2f8-4192-9a45-2fd41cdae60c,,reused balanced 100-band catalogue,agent_addition,,12,UK029F,Nottingham,2024,936382,OECD/EU Functional Urban Area,https://data-explorer.oecd.org/vis?df%5Bag%5D=OECD.CFE.EDS&df%5Bds%5D=dsDisseminateFinalDMZ&df%5Bid%5D=DSD_FUA_DEMO%40DF_AGE_SEX&lc=en,True,Tindersticks,Nottingham,Tindersticks,189240,214888,0,2026-07-18T20:40:00.993779+00:00,Spotify web-player queryArtistOverview,undocumented read-only web-client endpoint
Bay City Rollers,Edinburgh,Edinburgh,reviewed,exact,https://www.wikidata.org/wiki/Q812073,high,3r9TXuXfOUxXjgYgAR0fP8,,Bay City Rollers,,Q812073,top-20 city candidate review,Wikidata and MusicBrainz,,13,UK007F,Edinburgh,2024,932180,OECD/EU Functional Urban Area,https://data-explorer.oecd.org/vis?df%5Bag%5D=OECD.CFE.EDS&df%5Bds%5D=dsDisseminateFinalDMZ&df%5Bid%5D=DSD_FUA_DEMO%40DF_AGE_SEX&lc=en,True,Bay City Rollers,Edinburgh,Bay City Rollers,499865,225644,0,2026-07-18T20:40:00.993779+00:00,Spotify web-player queryArtistOverview,undocumented read-only web-client endpoint
Boards of Canada,Edinburgh,Edinburgh,reviewed,exact,https://www.wikidata.org/wiki/Q722778,high,2VAvhf61GgLYmC6C8anyX1,,Boards of Canada,,Q722778,top-20 city candidate review,Wikidata and MusicBrainz,,13,UK007F,Edinburgh,2024,932180,OECD/EU Functional Urban Area,https://data-explorer.oecd.org/vis?df%5Bag%5D=OECD.CFE.EDS&df%5Bds%5D=dsDisseminateFinalDMZ&df%5Bid%5D=DSD_FUA_DEMO%40DF_AGE_SEX&lc=en,True,Boards of Canada,Edinburgh,Boards of Canada,1177186,844402,0,2026-07-18T20:40:00.993779+00:00,Spotify web-player queryArtistOverview,undocumented read-only web-client endpoint
Idlewild,Edinburgh,Edinburgh,reviewed,exact,https://www.wikidata.org/wiki/Q784088,high,1xdB9gS1NrKEYgZUEfoqIw,,Idlewild,,Q784088,top-20 city candidate review,Wikidata and MusicBrainz,,13,UK007F,Edinburgh,2024,932180,OECD/EU Functional Urban Area,https://data-explorer.oecd.org/vis?df%5Bag%5D=OECD.CFE.EDS&df%5Bds%5D=dsDisseminateFinalDMZ&df%5Bid%5D=DSD_FUA_DEMO%40DF_AGE_SEX&lc=en,True,Idlewild,Edinburgh,Idlewild,89257,72943,0,2026-07-18T20:40:00.993779+00:00,Spotify web-player queryArtistOverview,undocumented read-only web-client endpoint
Josef K,Edinburgh,Edinburgh,reviewed,manual_review,https://www.ltmrecordings.com/josef_k.html,,1wAvVTxYw932BnBO5JhrXJ,,Josef K,,,top-20 city candidate review,manual replacement,The Waterboys formed in London; replaced with an Edinburgh-formed band.,13,UK007F,Edinburgh,2024,932180,OECD/EU Functional Urban Area,https://data-explorer.oecd.org/vis?df%5Bag%5D=OECD.CFE.EDS&df%5Bds%5D=dsDisseminateFinalDMZ&df%5Bid%5D=DSD_FUA_DEMO%40DF_AGE_SEX&lc=en,True,Josef K,Edinburgh,Josef K,8018,24954,0,2026-07-18T20:40:00.993779+00:00,Spotify web-player queryArtistOverview,undocumented read-only web-client endpoint
The Exploited,Edinburgh,Edinburgh,reviewed,exact,https://www.wikidata.org/wiki/Q117684,high,6NB4b8lltHCjOhW7vQZkAy,,The Exploited,,Q117684,top-20 city candidate review,Wikidata and MusicBrainz,,13,UK007F,Edinburgh,2024,932180,OECD/EU Functional Urban Area,https://data-explorer.oecd.org/vis?df%5Bag%5D=OECD.CFE.EDS&df%5Bds%5D=dsDisseminateFinalDMZ&df%5Bid%5D=DSD_FUA_DEMO%40DF_AGE_SEX&lc=en,True,The Exploited,Edinburgh,The Exploited,164967,272998,0,2026-07-18T20:40:00.993779+00:00,Spotify web-player queryArtistOverview,undocumented read-only web-client endpoint
The Fire Engines,Edinburgh,Edinburgh,reviewed,manual_review,https://www.allmusic.com/artist/fire-engines-mn0000339713,,3Glx297fyff7hKkl7nBrwu,,Fire Engines,,,top-20 city candidate review,manual identity and origin review,Spotify omits the leading article from the artist name.,13,UK007F,Edinburgh,2024,932180,OECD/EU Functional Urban Area,https://data-explorer.oecd.org/vis?df%5Bag%5D=OECD.CFE.EDS&df%5Bds%5D=dsDisseminateFinalDMZ&df%5Bid%5D=DSD_FUA_DEMO%40DF_AGE_SEX&lc=en,True,The Fire Engines,Edinburgh,Fire Engines,2238,5591,0,2026-07-18T20:40:00.993779+00:00,Spotify web-player queryArtistOverview,undocumented read-only web-client endpoint
The Incredible String Band,Edinburgh,Edinburgh,reviewed,exact,https://www.wikidata.org/wiki/Q1500510,high,0tQzBYPjAardhWpGkqVdNW,,The Incredible String Band,,Q1500510,top-20 city candidate review,Wikidata and MusicBrainz,,13,UK007F,Edinburgh,2024,932180,OECD/EU Functional Urban Area,https://data-explorer.oecd.org/vis?df%5Bag%5D=OECD.CFE.EDS&df%5Bds%5D=dsDisseminateFinalDMZ&df%5Bid%5D=DSD_FUA_DEMO%40DF_AGE_SEX&lc=en,True,The Incredible String Band,Edinburgh,The Incredible String Band,31217,60628,0,2026-07-18T20:40:00.993779+00:00,Spotify web-player queryArtistOverview,undocumented read-only web-client endpoint
The Rezillos,Edinburgh,Edinburgh,reviewed,exact,https://www.wikidata.org/wiki/Q3269,high,0nbaBQTlGxUPLQ07N7onwv,,The Rezillos,,Q3269,top-20 city candidate review,Wikidata and MusicBrainz,,13,UK007F,Edinburgh,2024,932180,OECD/EU Functional Urban Area,https://data-explorer.oecd.org/vis?df%5Bag%5D=OECD.CFE.EDS&df%5Bds%5D=dsDisseminateFinalDMZ&df%5Bid%5D=DSD_FUA_DEMO%40DF_AGE_SEX&lc=en,True,The Rezillos,Edinburgh,The Rezillos,96370,63677,0,2026-07-18T20:40:00.993779+00:00,Spotify web-player queryArtistOverview,undocumented read-only web-client endpoint
We Were Promised Jetpacks,Edinburgh,Edinburgh,reviewed,exact,https://www.wikidata.org/wiki/Q1488607,high,3gnrmLahFhVXRI9DA1MImH,,We Were Promised Jetpacks,,Q1488607,top-20 city candidate review,Wikidata and MusicBrainz,,13,UK007F,Edinburgh,2024,932180,OECD/EU Functional Urban Area,https://data-explorer.oecd.org/vis?df%5Bag%5D=OECD.CFE.EDS&df%5Bds%5D=dsDisseminateFinalDMZ&df%5Bid%5D=DSD_FUA_DEMO%40DF_AGE_SEX&lc=en,True,We Were Promised Jetpacks,Edinburgh,We Were Promised Jetpacks,226591,142629,0,2026-07-18T20:40:00.993779+00:00,Spotify web-player queryArtistOverview,undocumented read-only web-client endpoint
Young Fathers,Edinburgh,Edinburgh,reviewed,exact,https://www.wikidata.org/wiki/Q8058113,high,5mZC7ndY6oGMxJentRwsuV,,Young Fathers,,Q8058113,top-20 city candidate review,Wikidata and MusicBrainz,,13,UK007F,Edinburgh,2024,932180,OECD/EU Functional Urban Area,https://data-explorer.oecd.org/vis?df%5Bag%5D=OECD.CFE.EDS&df%5Bds%5D=dsDisseminateFinalDMZ&df%5Bid%5D=DSD_FUA_DEMO%40DF_AGE_SEX&lc=en,True,Young Fathers,Edinburgh,Young Fathers,397759,272197,0,2026-07-18T20:40:00.993779+00:00,Spotify web-player queryArtistOverview,undocumented read-only web-client endpoint
And So I Watch You From Afar,Belfast,Belfast,reviewed,exact,https://musicbrainz.org/artist/0fb7d725-4dfd-45d2-944c-6ffa375a142d,high,7qKMNwlACMZOUdMG3acwst,And So I Watch You From Afar,And So I Watch You From Afar,0fb7d725-4dfd-45d2-944c-6ffa375a142d,,top-20 city candidate review,editorial candidate,,14,UK012F,Belfast,2024,817574,OECD/EU Functional Urban Area,https://data-explorer.oecd.org/vis?df%5Bag%5D=OECD.CFE.EDS&df%5Bds%5D=dsDisseminateFinalDMZ&df%5Bid%5D=DSD_FUA_DEMO%40DF_AGE_SEX&lc=en,True,And So I Watch You From Afar,Belfast,And So I Watch You from Afar,41717,93175,0,2026-07-18T20:40:00.993779+00:00,Spotify web-player queryArtistOverview,undocumented read-only web-client endpoint
Bicep,Belfast,Belfast,reviewed,manual_review,https://bicepmusic.com/about,,73A3bLnfnz5BoQjb4gNCga,,Bicep,,Q28855240,top-20 city candidate review,manual identity and origin review,Belfast-born duo treated as a Belfast-origin act.,14,UK012F,Belfast,2024,817574,OECD/EU Functional Urban Area,https://data-explorer.oecd.org/vis?df%5Bag%5D=OECD.CFE.EDS&df%5Bds%5D=dsDisseminateFinalDMZ&df%5Bid%5D=DSD_FUA_DEMO%40DF_AGE_SEX&lc=en,True,Bicep,Belfast,BICEP,3141387,673233,0,2026-07-18T20:40:00.993779+00:00,Spotify web-player queryArtistOverview,undocumented read-only web-client endpoint
Girls Names,Belfast,Belfast,reviewed,exact,https://www.wikidata.org/wiki/Q5564653,high,4UAxwzDV5PYB11huf5Shs3,,Girls Names,,Q5564653,top-20 city candidate review,Wikidata and MusicBrainz,,14,UK012F,Belfast,2024,817574,OECD/EU Functional Urban Area,https://data-explorer.oecd.org/vis?df%5Bag%5D=OECD.CFE.EDS&df%5Bds%5D=dsDisseminateFinalDMZ&df%5Bid%5D=DSD_FUA_DEMO%40DF_AGE_SEX&lc=en,True,Girls Names,Belfast,Girls Names,9972,16785,0,2026-07-18T20:40:00.993779+00:00,Spotify web-player queryArtistOverview,undocumented read-only web-client endpoint
Kneecap,Belfast,Belfast,reviewed,exact,https://www.wikidata.org/wiki/Q65327538,high,1ZVACPeq7ccGCoUXwtafUU,,Kneecap,,Q65327538,top-20 city candidate review,Wikidata and MusicBrainz,,14,UK012F,Belfast,2024,817574,OECD/EU Functional Urban Area,https://data-explorer.oecd.org/vis?df%5Bag%5D=OECD.CFE.EDS&df%5Bds%5D=dsDisseminateFinalDMZ&df%5Bid%5D=DSD_FUA_DEMO%40DF_AGE_SEX&lc=en,True,Kneecap,Belfast,KNEECAP,1263438,558490,0,2026-07-18T20:40:00.993779+00:00,Spotify web-player queryArtistOverview,undocumented read-only web-client endpoint
New Pagans,Belfast,Belfast,reviewed,manual_review,https://www.newpagans.com/about,,6T3ilEGTNIHzq1x92GDkaK,,New Pagans,,,top-20 city candidate review,manual identity and origin review,Official biography describes the group as Belfast-based.,14,UK012F,Belfast,2024,817574,OECD/EU Functional Urban Area,https://data-explorer.oecd.org/vis?df%5Bag%5D=OECD.CFE.EDS&df%5Bds%5D=dsDisseminateFinalDMZ&df%5Bid%5D=DSD_FUA_DEMO%40DF_AGE_SEX&lc=en,True,New Pagans,Belfast,New Pagans,435,4282,0,2026-07-18T20:40:00.993779+00:00,Spotify web-player queryArtistOverview,undocumented read-only web-client endpoint
Rudi,Belfast,Belfast,reviewed,manual_review,https://en.wikipedia.org/wiki/Rudi_%28band%29,,7cn9cxPh36ZnWTGXI78x55,Rudi,Rudi,02585e7d-e608-45f0-bcf2-1fc60bb7f44b,,top-20 city candidate review,manual identity and origin review,Explicit Spotify identity selected from a name-disambiguated search.,14,UK012F,Belfast,2024,817574,OECD/EU Functional Urban Area,https://data-explorer.oecd.org/vis?df%5Bag%5D=OECD.CFE.EDS&df%5Bds%5D=dsDisseminateFinalDMZ&df%5Bid%5D=DSD_FUA_DEMO%40DF_AGE_SEX&lc=en,True,Rudi,Belfast,Rudi,8789,5272,0,2026-07-18T20:40:00.993779+00:00,Spotify web-player queryArtistOverview,undocumented read-only web-client endpoint
Stiff Little Fingers,Belfast,Belfast,reviewed,exact,https://www.wikidata.org/wiki/Q1538935,high,2bt3I0VkmYuPvP57sxokab,,Stiff Little Fingers,,Q1538935,top-20 city candidate review,Wikidata and MusicBrainz,,14,UK012F,Belfast,2024,817574,OECD/EU Functional Urban Area,https://data-explorer.oecd.org/vis?df%5Bag%5D=OECD.CFE.EDS&df%5Bds%5D=dsDisseminateFinalDMZ&df%5Bid%5D=DSD_FUA_DEMO%40DF_AGE_SEX&lc=en,True,Stiff Little Fingers,Belfast,Stiff Little Fingers,266703,236374,0,2026-07-18T20:40:00.993779+00:00,Spotify web-player queryArtistOverview,undocumented read-only web-client endpoint
The Outcasts,Belfast,Belfast,reviewed,manual_review,https://www.ulstermuseum.org/digital-exhibitions/punk-gigs,,4DDiFKfkmzRaZEakCn1gjO,The Outcasts,The Outcasts,aa846724-22b9-4627-ab05-e250b69fb574,,top-20 city candidate review,manual identity and origin review,Explicit Belfast punk band Spotify identity.,14,UK012F,Belfast,2024,817574,OECD/EU Functional Urban Area,https://data-explorer.oecd.org/vis?df%5Bag%5D=OECD.CFE.EDS&df%5Bds%5D=dsDisseminateFinalDMZ&df%5Bid%5D=DSD_FUA_DEMO%40DF_AGE_SEX&lc=en,True,The Outcasts,Belfast,The Outcasts,37587,7593,0,2026-07-18T20:40:00.993779+00:00,Spotify web-player queryArtistOverview,undocumented read-only web-client endpoint
Them,Belfast,Belfast,reviewed,exact,https://www.wikidata.org/wiki/Q1338638,high,5BaHqGtf6UAZnHfqdPaTDA,,Them,,Q1338638,top-20 city candidate review,Wikidata and MusicBrainz,Explicit Spotify identifier required because the name is ambiguous.,14,UK012F,Belfast,2024,817574,OECD/EU Functional Urban Area,https://data-explorer.oecd.org/vis?df%5Bag%5D=OECD.CFE.EDS&df%5Bds%5D=dsDisseminateFinalDMZ&df%5Bid%5D=DSD_FUA_DEMO%40DF_AGE_SEX&lc=en,True,Them,Belfast,Them,598923,155177,0,2026-07-18T20:40:00.993779+00:00,Spotify web-player queryArtistOverview,undocumented read-only web-client endpoint
Two Door Cinema Club,Belfast,Bangor,reviewed,exact,https://www.wikidata.org/wiki/Q777302,high,536BYVgOnRky0xjsPT96zl,,Two Door Cinema Club,,Q777302,top-20 city candidate review,Wikidata and MusicBrainz,Bangor is included in the Belfast Functional Urban Area.,14,UK012F,Belfast,2024,817574,OECD/EU Functional Urban Area,https://data-explorer.oecd.org/vis?df%5Bag%5D=OECD.CFE.EDS&df%5Bds%5D=dsDisseminateFinalDMZ&df%5Bid%5D=DSD_FUA_DEMO%40DF_AGE_SEX&lc=en,True,Two Door Cinema Club,Belfast,Two Door Cinema Club,9884423,2655723,0,2026-07-18T20:40:00.993779+00:00,Spotify web-player queryArtistOverview,undocumented read-only web-client endpoint
Adorable,Coventry,Coventry,reviewed,manual_review,https://www.allmusic.com/artist/adorable-mn0000599278,,6xKL0fuDG1P7nivQtPY2fv,Adorable,Adorable,022c85ab-eeed-479c-9679-a0e4b5a6a338,,top-20 city candidate review,manual identity and origin review,Explicit Coventry shoegaze band identity.,15,UK025F,Coventry,2024,787858,OECD/EU Functional Urban Area,https://data-explorer.oecd.org/vis?df%5Bag%5D=OECD.CFE.EDS&df%5Bds%5D=dsDisseminateFinalDMZ&df%5Bid%5D=DSD_FUA_DEMO%40DF_AGE_SEX&lc=en,True,Adorable,Coventry,Adorable,19192,14198,0,2026-07-18T20:40:00.993779+00:00,Spotify web-player queryArtistOverview,undocumented read-only web-client endpoint
Bolt Thrower,Coventry,Coventry,reviewed,exact,https://www.wikidata.org/wiki/Q662463,high,3EbMlZ7ZKmFWPTHrLzpzvs,,Bolt Thrower,,Q662463,top-20 city candidate review,Wikidata and MusicBrainz,,15,UK025F,Coventry,2024,787858,OECD/EU Functional Urban Area,https://data-explorer.oecd.org/vis?df%5Bag%5D=OECD.CFE.EDS&df%5Bds%5D=dsDisseminateFinalDMZ&df%5Bid%5D=DSD_FUA_DEMO%40DF_AGE_SEX&lc=en,True,Bolt Thrower,Coventry,Bolt Thrower,180166,285017,0,2026-07-18T20:40:00.993779+00:00,Spotify web-player queryArtistOverview,undocumented read-only web-client endpoint
Cathedral,Coventry,Coventry,reviewed,exact,https://www.wikidata.org/wiki/Q1050878,high,5O7ziOtiFUyRMBJN1J4Tpv,,Cathedral,,Q1050878,top-20 city candidate review,Wikidata and MusicBrainz,Explicit Spotify identifier required because the name is ambiguous.,15,UK025F,Coventry,2024,787858,OECD/EU Functional Urban Area,https://data-explorer.oecd.org/vis?df%5Bag%5D=OECD.CFE.EDS&df%5Bds%5D=dsDisseminateFinalDMZ&df%5Bid%5D=DSD_FUA_DEMO%40DF_AGE_SEX&lc=en,True,Cathedral,Coventry,Cathedral,42528,96540,0,2026-07-18T20:40:00.993779+00:00,Spotify web-player queryArtistOverview,undocumented read-only web-client endpoint
Fun Boy Three,Coventry,Coventry,reviewed,review_required,https://www.wikidata.org/wiki/Q1473992,low,1dmEUAQBopYUrsMnQnScWL,,Fun Boy Three,,Q1473992,top-20 city candidate review,Wikidata and MusicBrainz,,15,UK025F,Coventry,2024,787858,OECD/EU Functional Urban Area,https://data-explorer.oecd.org/vis?df%5Bag%5D=OECD.CFE.EDS&df%5Bds%5D=dsDisseminateFinalDMZ&df%5Bid%5D=DSD_FUA_DEMO%40DF_AGE_SEX&lc=en,True,Fun Boy Three,Coventry,Fun Boy Three,210879,123794,0,2026-07-18T20:40:00.993779+00:00,Spotify web-player queryArtistOverview,undocumented read-only web-client endpoint
King,Coventry,Coventry,reviewed,manual_review,https://en.wikipedia.org/wiki/King_%28new_wave_band%29,,3ckiHuEKcXHXV0QOkCdCki,King,King,e6b770d2-4fb6-4416-8722-471717fdd41d,,top-20 city candidate review,manual identity and origin review,Explicit Love and Pride-era band identity.,15,UK025F,Coventry,2024,787858,OECD/EU Functional Urban Area,https://data-explorer.oecd.org/vis?df%5Bag%5D=OECD.CFE.EDS&df%5Bds%5D=dsDisseminateFinalDMZ&df%5Bid%5D=DSD_FUA_DEMO%40DF_AGE_SEX&lc=en,True,King,Coventry,King,148192,12711,0,2026-07-18T20:40:00.993779+00:00,Spotify web-player queryArtistOverview,undocumented read-only web-client endpoint
The Colourfield,Coventry,Coventry,reviewed,exact,https://www.wikidata.org/wiki/Q7726877,high,06Rbwc8jaQ1d5fDPZiasE0,,The Colourfield,,Q7726877,top-20 city candidate review,Wikidata and MusicBrainz,,15,UK025F,Coventry,2024,787858,OECD/EU Functional Urban Area,https://data-explorer.oecd.org/vis?df%5Bag%5D=OECD.CFE.EDS&df%5Bds%5D=dsDisseminateFinalDMZ&df%5Bid%5D=DSD_FUA_DEMO%40DF_AGE_SEX&lc=en,True,The Colourfield,Coventry,The Colourfield,55168,28746,0,2026-07-18T20:40:00.993779+00:00,Spotify web-player queryArtistOverview,undocumented read-only web-client endpoint
The Enemy,Coventry,Coventry,reviewed,exact,https://musicbrainz.org/artist/b9a03afb-649f-4cf2-8c01-efa07710bc7c,high,01ZP85CNi7Y9t1e0one46k,The Enemy,The Enemy,b9a03afb-649f-4cf2-8c01-efa07710bc7c,,top-20 city candidate review,editorial candidate,Explicit Spotify identifier required because the name is ambiguous.,15,UK025F,Coventry,2024,787858,OECD/EU Functional Urban Area,https://data-explorer.oecd.org/vis?df%5Bag%5D=OECD.CFE.EDS&df%5Bds%5D=dsDisseminateFinalDMZ&df%5Bid%5D=DSD_FUA_DEMO%40DF_AGE_SEX&lc=en,True,The Enemy,Coventry,The Enemy,278925,157157,0,2026-07-18T20:40:00.993779+00:00,Spotify web-player queryArtistOverview,undocumented read-only web-client endpoint
The Primitives,Coventry,Coventry,reviewed,exact,https://musicbrainz.org/artist/9a407ae8-afbb-4a3a-abb1-1fab4b3c26af,high,4FPmAi3p4T3p0AsthfqHMA,The Primitives,The Primitives,9a407ae8-afbb-4a3a-abb1-1fab4b3c26af,,top-20 city candidate review,editorial candidate,,15,UK025F,Coventry,2024,787858,OECD/EU Functional Urban Area,https://data-explorer.oecd.org/vis?df%5Bag%5D=OECD.CFE.EDS&df%5Bds%5D=dsDisseminateFinalDMZ&df%5Bid%5D=DSD_FUA_DEMO%40DF_AGE_SEX&lc=en,True,The Primitives,Coventry,The Primitives,263905,48870,0,2026-07-18T20:40:00.993779+00:00,Spotify web-player queryArtistOverview,undocumented read-only web-client endpoint
The Selecter,Coventry,Coventry,reviewed,exact,https://www.wikidata.org/wiki/Q1546385,high,3wRksusBxJ6npu0PryYheF,,The Selecter,,Q1546385,top-20 city candidate review,Wikidata and MusicBrainz,,15,UK025F,Coventry,2024,787858,OECD/EU Functional Urban Area,https://data-explorer.oecd.org/vis?df%5Bag%5D=OECD.CFE.EDS&df%5Bds%5D=dsDisseminateFinalDMZ&df%5Bid%5D=DSD_FUA_DEMO%40DF_AGE_SEX&lc=en,True,The Selecter,Coventry,The Selecter,147657,144513,0,2026-07-18T20:40:00.993779+00:00,Spotify web-player queryArtistOverview,undocumented read-only web-client endpoint
The Specials,Coventry,Coventry,reviewed,exact,https://www.wikidata.org/wiki/Q19057,high,6xnvNmSzmeOE1bLKnYXKW3,,The Specials,,Q19057,top-20 city candidate review,Wikidata and MusicBrainz,,15,UK025F,Coventry,2024,787858,OECD/EU Functional Urban Area,https://data-explorer.oecd.org/vis?df%5Bag%5D=OECD.CFE.EDS&df%5Bds%5D=dsDisseminateFinalDMZ&df%5Bid%5D=DSD_FUA_DEMO%40DF_AGE_SEX&lc=en,True,The Specials,Coventry,The Specials,1432373,741585,0,2026-07-18T20:40:00.993779+00:00,Spotify web-player queryArtistOverview,undocumented read-only web-client endpoint
Artful Dodger,Southampton,Southampton,reviewed,exact,https://musicbrainz.org/artist/1cfbc7d1-299c-46e6-ba4c-1facb84ba435,high,4L8MIM7AXmq6jb0tRix4JT,Artful Dodger,Artful Dodger,1cfbc7d1-299c-46e6-ba4c-1facb84ba435,,top-20 city candidate review,editorial candidate,Explicit Spotify identifier required because the name is ambiguous.,16,UK520F,Southampton,2024,713674,OECD/EU Functional Urban Area,https://data-explorer.oecd.org/vis?df%5Bag%5D=OECD.CFE.EDS&df%5Bds%5D=dsDisseminateFinalDMZ&df%5Bid%5D=DSD_FUA_DEMO%40DF_AGE_SEX&lc=en,True,Artful Dodger,Southampton,Artful Dodger,435076,73816,0,2026-07-18T20:40:00.993779+00:00,Spotify web-player queryArtistOverview,undocumented read-only web-client endpoint
Band of Skulls,Southampton,Southampton,reviewed,exact,https://www.wikidata.org/wiki/Q2413479,high,4ddt8PPvmWrI9mJQy1VrIG,,Band of Skulls,,Q2413479,top-20 city candidate review,Wikidata and MusicBrainz,,16,UK520F,Southampton,2024,713674,OECD/EU Functional Urban Area,https://data-explorer.oecd.org/vis?df%5Bag%5D=OECD.CFE.EDS&df%5Bds%5D=dsDisseminateFinalDMZ&df%5Bid%5D=DSD_FUA_DEMO%40DF_AGE_SEX&lc=en,True,Band of Skulls,Southampton,Band Of Skulls,446823,272436,0,2026-07-18T20:40:00.993779+00:00,Spotify web-player queryArtistOverview,undocumented read-only web-client endpoint
Bury Tomorrow,Southampton,Southampton,reviewed,exact,https://www.wikidata.org/wiki/Q1017202,high,6BD4lgmnh4vy6kkCaZRDWt,,Bury Tomorrow,,Q1017202,top-20 city candidate review,Wikidata and MusicBrainz,,16,UK520F,Southampton,2024,713674,OECD/EU Functional Urban Area,https://data-explorer.oecd.org/vis?df%5Bag%5D=OECD.CFE.EDS&df%5Bds%5D=dsDisseminateFinalDMZ&df%5Bid%5D=DSD_FUA_DEMO%40DF_AGE_SEX&lc=en,True,Bury Tomorrow,Southampton,Bury Tomorrow,497979,357588,0,2026-07-18T20:40:00.993779+00:00,Spotify web-player queryArtistOverview,undocumented read-only web-client endpoint
Creeper,Southampton,Southampton,reviewed,exact,https://www.wikidata.org/wiki/Q23023097,high,0nV7SiEIVtPLTSJ6NwWDGj,,Creeper,,Q23023097,top-20 city candidate review,Wikidata and MusicBrainz,,16,UK520F,Southampton,2024,713674,OECD/EU Functional Urban Area,https://data-explorer.oecd.org/vis?df%5Bag%5D=OECD.CFE.EDS&df%5Bds%5D=dsDisseminateFinalDMZ&df%5Bid%5D=DSD_FUA_DEMO%40DF_AGE_SEX&lc=en,True,Creeper,Southampton,Creeper,98969,102884,0,2026-07-18T20:40:00.993779+00:00,Spotify web-player queryArtistOverview,undocumented read-only web-client endpoint
Dead!,Southampton,Southampton,reviewed,manual_review,https://www.allmusic.com/artist/dead%21-mn0003455848,,2uQCQ4BmANn12eOlOfkwqF,DEAD!,Dead!,6246262c-7bf2-4d18-82ac-6faf2ffe0412,,top-20 city candidate review,manual identity and origin review,Formed by members who met in Southampton.,16,UK520F,Southampton,2024,713674,OECD/EU Functional Urban Area,https://data-explorer.oecd.org/vis?df%5Bag%5D=OECD.CFE.EDS&df%5Bds%5D=dsDisseminateFinalDMZ&df%5Bid%5D=DSD_FUA_DEMO%40DF_AGE_SEX&lc=en,True,Dead!,Southampton,Dead!,5248,16239,0,2026-07-18T20:40:00.993779+00:00,Spotify web-player queryArtistOverview,undocumented read-only web-client endpoint
Delays,Southampton,Southampton,reviewed,exact,https://musicbrainz.org/artist/f86d80f3-3d2e-4450-9b0c-638152e93df3,high,0NAPmlw3oOKJ3BD7qcjLdQ,Delays,Delays,f86d80f3-3d2e-4450-9b0c-638152e93df3,,top-20 city candidate review,editorial candidate,Explicit Spotify identifier required because the name is ambiguous.,16,UK520F,Southampton,2024,713674,OECD/EU Functional Urban Area,https://data-explorer.oecd.org/vis?df%5Bag%5D=OECD.CFE.EDS&df%5Bds%5D=dsDisseminateFinalDMZ&df%5Bid%5D=DSD_FUA_DEMO%40DF_AGE_SEX&lc=en,True,Delays,Southampton,Delays,35030,28295,0,2026-07-18T20:40:00.993779+00:00,Spotify web-player queryArtistOverview,undocumented read-only web-client endpoint
Desolated,Southampton,Southampton,reviewed,manual_review,https://musicbrainz.org/artist/d742a140-8510-46e7-9a10-f3127abc2a8f,,4aJzQA930qk1ZLTxZDllh6,Desolated,Desolated,d742a140-8510-46e7-9a10-f3127abc2a8f,,top-20 city candidate review,manual identity and origin review,MusicBrainz formation evidence retained with explicit Spotify identity.,16,UK520F,Southampton,2024,713674,OECD/EU Functional Urban Area,https://data-explorer.oecd.org/vis?df%5Bag%5D=OECD.CFE.EDS&df%5Bds%5D=dsDisseminateFinalDMZ&df%5Bid%5D=DSD_FUA_DEMO%40DF_AGE_SEX&lc=en,True,Desolated,Southampton,Desolated,46676,43163,0,2026-07-18T20:40:00.993779+00:00,Spotify web-player queryArtistOverview,undocumented read-only web-client endpoint
Our Hollow Our Home,Southampton,Southampton,reviewed,exact,https://musicbrainz.org/artist/03210c24-e652-40e3-bdec-16888faf2b9d,high,6zrSK4adBQJaCJuhGNKJEl,"Our Hollow, Our Home",Our Hollow Our Home,03210c24-e652-40e3-bdec-16888faf2b9d,,top-20 city candidate review,editorial candidate,,16,UK520F,Southampton,2024,713674,OECD/EU Functional Urban Area,https://data-explorer.oecd.org/vis?df%5Bag%5D=OECD.CFE.EDS&df%5Bds%5D=dsDisseminateFinalDMZ&df%5Bid%5D=DSD_FUA_DEMO%40DF_AGE_SEX&lc=en,True,Our Hollow Our Home,Southampton,"Our Hollow, Our Home",69616,89705,0,2026-07-18T20:40:00.993779+00:00,Spotify web-player queryArtistOverview,undocumented read-only web-client endpoint
Power Quest,Southampton,Southampton,reviewed,exact,https://www.wikidata.org/wiki/Q683228,high,0m9MRvdIdPp3cR1JkaEVip,,Power Quest,,Q683228,top-20 city candidate review,Wikidata and MusicBrainz,,16,UK520F,Southampton,2024,713674,OECD/EU Functional Urban Area,https://data-explorer.oecd.org/vis?df%5Bag%5D=OECD.CFE.EDS&df%5Bds%5D=dsDisseminateFinalDMZ&df%5Bid%5D=DSD_FUA_DEMO%40DF_AGE_SEX&lc=en,True,Power Quest,Southampton,Power Quest,19293,42488,0,2026-07-18T20:40:00.993779+00:00,Spotify web-player queryArtistOverview,undocumented read-only web-client endpoint
The Lounge Kittens,Southampton,Southampton,reviewed,manual_review,https://www.theloungekittens.co.uk/about,,1UWCNPK34Wf98Vtcluaxby,,The Lounge Kittens,,,top-20 city candidate review,manual replacement,The original candidate formed in London from members with mixed south-coast links.,16,UK520F,Southampton,2024,713674,OECD/EU Functional Urban Area,https://data-explorer.oecd.org/vis?df%5Bag%5D=OECD.CFE.EDS&df%5Bds%5D=dsDisseminateFinalDMZ&df%5Bid%5D=DSD_FUA_DEMO%40DF_AGE_SEX&lc=en,True,The Lounge Kittens,Southampton,The Lounge Kittens,1416,4861,0,2026-07-18T20:40:00.993779+00:00,Spotify web-player queryArtistOverview,undocumented read-only web-client endpoint
Black Tongue,Hull,Kingston upon Hull,reviewed,exact,https://www.wikidata.org/wiki/Q19689005,high,5vTCEZ15eybRnoqUAra4Ys,,Black Tongue,,Q19689005,top-20 city candidate review,Wikidata and MusicBrainz,,17,UK026F,Kingston upon Hull,2024,631285,OECD/EU Functional Urban Area,https://data-explorer.oecd.org/vis?df%5Bag%5D=OECD.CFE.EDS&df%5Bds%5D=dsDisseminateFinalDMZ&df%5Bid%5D=DSD_FUA_DEMO%40DF_AGE_SEX&lc=en,True,Black Tongue,Hull,Black Tongue,50504,96043,0,2026-07-18T20:40:00.993779+00:00,Spotify web-player queryArtistOverview,undocumented read-only web-client endpoint
Everything but the Girl,Hull,Kingston upon Hull,reviewed,exact,https://www.wikidata.org/wiki/Q313779,high,13ccXrK7AmXb4TddMkE7jy,,Everything but the Girl,,Q313779,top-20 city candidate review,Wikidata and MusicBrainz,,17,UK026F,Kingston upon Hull,2024,631285,OECD/EU Functional Urban Area,https://data-explorer.oecd.org/vis?df%5Bag%5D=OECD.CFE.EDS&df%5Bds%5D=dsDisseminateFinalDMZ&df%5Bid%5D=DSD_FUA_DEMO%40DF_AGE_SEX&lc=en,True,Everything but the Girl,Hull,Everything But The Girl,5607393,480010,0,2026-07-18T20:40:00.993779+00:00,Spotify web-player queryArtistOverview,undocumented read-only web-client endpoint
Kingmaker,Hull,Kingston upon Hull,reviewed,exact,https://www.wikidata.org/wiki/Q6412791,high,11AkBmwCjqWISY2MRhlhhM,,Kingmaker,,Q6412791,top-20 city candidate review,Wikidata and MusicBrainz,,17,UK026F,Kingston upon Hull,2024,631285,OECD/EU Functional Urban Area,https://data-explorer.oecd.org/vis?df%5Bag%5D=OECD.CFE.EDS&df%5Bds%5D=dsDisseminateFinalDMZ&df%5Bid%5D=DSD_FUA_DEMO%40DF_AGE_SEX&lc=en,True,Kingmaker,Hull,Kingmaker,7610,9420,0,2026-07-18T20:40:00.993779+00:00,Spotify web-player queryArtistOverview,undocumented read-only web-client endpoint
Red Guitars,Hull,Kingston upon Hull,reviewed,manual_review,https://musicbrainz.org/artist/9be15d7e-1a45-4706-a339-fc48f2a9cb6d,,5Y4NtpzJGvNTitaOEAPQOm,Red Guitars,Red Guitars,9be15d7e-1a45-4706-a339-fc48f2a9cb6d,,top-20 city candidate review,manual identity and origin review,MusicBrainz formation evidence retained with explicit Spotify identity.,17,UK026F,Kingston upon Hull,2024,631285,OECD/EU Functional Urban Area,https://data-explorer.oecd.org/vis?df%5Bag%5D=OECD.CFE.EDS&df%5Bds%5D=dsDisseminateFinalDMZ&df%5Bid%5D=DSD_FUA_DEMO%40DF_AGE_SEX&lc=en,True,Red Guitars,Hull,Red Guitars,931,1275,0,2026-07-18T20:40:00.993779+00:00,Spotify web-player queryArtistOverview,undocumented read-only web-client endpoint
Scarlet,Hull,Kingston upon Hull,reviewed,exact,https://musicbrainz.org/artist/2ed49b25-b9ce-4bcd-ad4b-459756f6c45d,high,17slL8goxemQvfDtqeEavh,Scarlet,Scarlet,2ed49b25-b9ce-4bcd-ad4b-459756f6c45d,,top-20 city candidate review,editorial candidate,Explicit Spotify identifier required because the name is ambiguous.,17,UK026F,Kingston upon Hull,2024,631285,OECD/EU Functional Urban Area,https://data-explorer.oecd.org/vis?df%5Bag%5D=OECD.CFE.EDS&df%5Bds%5D=dsDisseminateFinalDMZ&df%5Bid%5D=DSD_FUA_DEMO%40DF_AGE_SEX&lc=en,True,Scarlet,Hull,Scarlet,75896,4152,0,2026-07-18T20:40:00.993779+00:00,Spotify web-player queryArtistOverview,undocumented read-only web-client endpoint
The Beautiful South,Hull,Kingston upon Hull,reviewed,exact,https://www.wikidata.org/wiki/Q1757677,high,4fomCZiFUMX73KJ0YQ0V90,,The Beautiful South,,Q1757677,top-20 city candidate review,Wikidata and MusicBrainz,,17,UK026F,Kingston upon Hull,2024,631285,OECD/EU Functional Urban Area,https://data-explorer.oecd.org/vis?df%5Bag%5D=OECD.CFE.EDS&df%5Bds%5D=dsDisseminateFinalDMZ&df%5Bid%5D=DSD_FUA_DEMO%40DF_AGE_SEX&lc=en,True,The Beautiful South,Hull,The Beautiful South,1074612,498337,0,2026-07-18T20:40:00.993779+00:00,Spotify web-player queryArtistOverview,undocumented read-only web-client endpoint
The Housemartins,Hull,Kingston upon Hull,reviewed,exact,https://musicbrainz.org/artist/e7516564-6f1e-4adc-a245-e481d56c2d9b,high,77D38RDgCtlYNLpayStftL,The Housemartins,The Housemartins,e7516564-6f1e-4adc-a245-e481d56c2d9b,,top-20 city candidate review,editorial candidate,,17,UK026F,Kingston upon Hull,2024,631285,OECD/EU Functional Urban Area,https://data-explorer.oecd.org/vis?df%5Bag%5D=OECD.CFE.EDS&df%5Bds%5D=dsDisseminateFinalDMZ&df%5Bid%5D=DSD_FUA_DEMO%40DF_AGE_SEX&lc=en,True,The Housemartins,Hull,The Housemartins,1008292,292230,0,2026-07-18T20:40:00.993779+00:00,Spotify web-player queryArtistOverview,undocumented read-only web-client endpoint
The Paddingtons,Hull,Kingston upon Hull,reviewed,exact,https://musicbrainz.org/artist/160d505d-0930-47e5-9093-b7efd64c8b8d,high,15dpP4ak7Z35TvysdicaUr,The Paddingtons,The Paddingtons,160d505d-0930-47e5-9093-b7efd64c8b8d,,top-20 city candidate review,editorial candidate,,17,UK026F,Kingston upon Hull,2024,631285,OECD/EU Functional Urban Area,https://data-explorer.oecd.org/vis?df%5Bag%5D=OECD.CFE.EDS&df%5Bds%5D=dsDisseminateFinalDMZ&df%5Bid%5D=DSD_FUA_DEMO%40DF_AGE_SEX&lc=en,True,The Paddingtons,Hull,The Paddingtons,4603,14736,0,2026-07-18T20:40:00.993779+00:00,Spotify web-player queryArtistOverview,undocumented read-only web-client endpoint
The Watersons,Hull,Kingston upon Hull,reviewed,manual_review,https://mainlynorfolk.info/watersons/biography/,,59w4wGMXlt4HULBSTVxRAY,The Watersons,The Watersons,37a0f1c5-a2e2-449c-8d28-e0287aabb5ea,,top-20 city candidate review,manual identity and origin review,Hull folk group.,17,UK026F,Kingston upon Hull,2024,631285,OECD/EU Functional Urban Area,https://data-explorer.oecd.org/vis?df%5Bag%5D=OECD.CFE.EDS&df%5Bds%5D=dsDisseminateFinalDMZ&df%5Bid%5D=DSD_FUA_DEMO%40DF_AGE_SEX&lc=en,True,The Watersons,Hull,The Watersons,15620,12852,0,2026-07-18T20:40:00.993779+00:00,Spotify web-player queryArtistOverview,undocumented read-only web-client endpoint
Throbbing Gristle,Hull,Kingston upon Hull,reviewed,exact,https://www.wikidata.org/wiki/Q1165655,high,1UYhxPY1oqFUg1HfF8nV3k,,Throbbing Gristle,,Q1165655,top-20 city candidate review,Wikidata and MusicBrainz,,17,UK026F,Kingston upon Hull,2024,631285,OECD/EU Functional Urban Area,https://data-explorer.oecd.org/vis?df%5Bag%5D=OECD.CFE.EDS&df%5Bds%5D=dsDisseminateFinalDMZ&df%5Bid%5D=DSD_FUA_DEMO%40DF_AGE_SEX&lc=en,True,Throbbing Gristle,Hull,Throbbing Gristle,56065,131943,0,2026-07-18T20:40:00.993779+00:00,Spotify web-player queryArtistOverview,undocumented read-only web-client endpoint
Foals,Oxford,Oxford,reviewed,exact,https://www.wikidata.org/wiki/Q728958,high,6FQqZYVfTNQ1pCqfkwVFEa,,Foals,,Q728958,top-20 city candidate review,Wikidata and MusicBrainz,,18,UK560F,Oxford,2024,606748,OECD/EU Functional Urban Area,https://data-explorer.oecd.org/vis?df%5Bag%5D=OECD.CFE.EDS&df%5Bds%5D=dsDisseminateFinalDMZ&df%5Bid%5D=DSD_FUA_DEMO%40DF_AGE_SEX&lc=en,True,Foals,Oxford,Foals,4201622,1504353,0,2026-07-18T20:40:00.993779+00:00,Spotify web-player queryArtistOverview,undocumented read-only web-client endpoint
Glass Animals,Oxford,Oxford,reviewed,exact,https://www.wikidata.org/wiki/Q16839267,high,4yvcSjfu4PC0CYQyLy4wSq,,Glass Animals,,Q16839267,top-20 city candidate review,Wikidata and MusicBrainz,,18,UK560F,Oxford,2024,606748,OECD/EU Functional Urban Area,https://data-explorer.oecd.org/vis?df%5Bag%5D=OECD.CFE.EDS&df%5Bds%5D=dsDisseminateFinalDMZ&df%5Bid%5D=DSD_FUA_DEMO%40DF_AGE_SEX&lc=en,True,Glass Animals,Oxford,Glass Animals,27093208,4804844,271,2026-07-18T20:40:00.993779+00:00,Spotify web-player queryArtistOverview,undocumented read-only web-client endpoint
Hurricane #1,Oxford,Oxford,reviewed,exact,https://www.wikidata.org/wiki/Q477403,high,6vMDsKUbY5Rs1oG27dAUIi,,Hurricane #1,,Q477403,top-20 city candidate review,Wikidata and MusicBrainz,,18,UK560F,Oxford,2024,606748,OECD/EU Functional Urban Area,https://data-explorer.oecd.org/vis?df%5Bag%5D=OECD.CFE.EDS&df%5Bds%5D=dsDisseminateFinalDMZ&df%5Bid%5D=DSD_FUA_DEMO%40DF_AGE_SEX&lc=en,True,Hurricane #1,Oxford,Hurricane #1,14083,10060,0,2026-07-18T20:40:00.993779+00:00,Spotify web-player queryArtistOverview,undocumented read-only web-client endpoint
Radiohead,Oxford,Abingdon-on-Thames,reviewed,exact,https://www.wikidata.org/wiki/Q44190,high,4Z8W4fKeB5YxbusRsdQVPb,,Radiohead,,Q44190,top-20 city candidate review,Wikidata and MusicBrainz,Abingdon is included in the Oxford Functional Urban Area.,18,UK560F,Oxford,2024,606748,OECD/EU Functional Urban Area,https://data-explorer.oecd.org/vis?df%5Bag%5D=OECD.CFE.EDS&df%5Bds%5D=dsDisseminateFinalDMZ&df%5Bid%5D=DSD_FUA_DEMO%40DF_AGE_SEX&lc=en,True,Radiohead,Oxford,Radiohead,43168156,16613975,100,2026-07-18T20:40:00.993779+00:00,Spotify web-player queryArtistOverview,undocumented read-only web-client endpoint
Ride,Oxford,Oxford,reviewed,exact,https://www.wikidata.org/wiki/Q4371,high,0WPY9nnBy01s5QOt4o4oQX,,Ride,,Q4371,top-20 city candidate review,Wikidata and MusicBrainz,,18,UK560F,Oxford,2024,606748,OECD/EU Functional Urban Area,https://data-explorer.oecd.org/vis?df%5Bag%5D=OECD.CFE.EDS&df%5Bds%5D=dsDisseminateFinalDMZ&df%5Bid%5D=DSD_FUA_DEMO%40DF_AGE_SEX&lc=en,True,Ride,Oxford,Ride,296215,272871,0,2026-07-18T20:40:00.993779+00:00,Spotify web-player queryArtistOverview,undocumented read-only web-client endpoint
Stornoway,Oxford,Oxford,reviewed,exact,https://www.wikidata.org/wiki/Q956521,high,1UzKSuyOqKgUupcNNEtnF1,,Stornoway,,Q956521,top-20 city candidate review,Wikidata and MusicBrainz,,18,UK560F,Oxford,2024,606748,OECD/EU Functional Urban Area,https://data-explorer.oecd.org/vis?df%5Bag%5D=OECD.CFE.EDS&df%5Bds%5D=dsDisseminateFinalDMZ&df%5Bid%5D=DSD_FUA_DEMO%40DF_AGE_SEX&lc=en,True,Stornoway,Oxford,Stornoway,67498,54281,0,2026-07-18T20:40:00.993779+00:00,Spotify web-player queryArtistOverview,undocumented read-only web-client endpoint
Supergrass,Oxford,Wheatley,reviewed,exact,https://www.wikidata.org/wiki/Q1120684,high,0sHeX8oQ6o7xic3wMf4NBU,,Supergrass,,Q1120684,top-20 city candidate review,Wikidata and MusicBrainz,Wheatley is included in the Oxford Functional Urban Area.,18,UK560F,Oxford,2024,606748,OECD/EU Functional Urban Area,https://data-explorer.oecd.org/vis?df%5Bag%5D=OECD.CFE.EDS&df%5Bds%5D=dsDisseminateFinalDMZ&df%5Bid%5D=DSD_FUA_DEMO%40DF_AGE_SEX&lc=en,True,Supergrass,Oxford,Supergrass,4645328,719253,0,2026-07-18T20:40:00.993779+00:00,Spotify web-player queryArtistOverview,undocumented read-only web-client endpoint
Swervedriver,Oxford,Oxford,reviewed,exact,https://www.wikidata.org/wiki/Q924292,high,0Sd7X8SxWV0AyDLbvd4uEu,,Swervedriver,,Q924292,top-20 city candidate review,Wikidata and MusicBrainz,,18,UK560F,Oxford,2024,606748,OECD/EU Functional Urban Area,https://data-explorer.oecd.org/vis?df%5Bag%5D=OECD.CFE.EDS&df%5Bds%5D=dsDisseminateFinalDMZ&df%5Bid%5D=DSD_FUA_DEMO%40DF_AGE_SEX&lc=en,True,Swervedriver,Oxford,Swervedriver,54373,81061,0,2026-07-18T20:40:00.993779+00:00,Spotify web-player queryArtistOverview,undocumented read-only web-client endpoint
TTNG,Oxford,Oxford,reviewed,manual_review,https://musicbrainz.org/artist/544559db-c6c4-45d6-8435-d224e4f696e9,,5TUa95aB5Vu2CzwCnZd6t0,TTNG,TTNG,544559db-c6c4-45d6-8435-d224e4f696e9,,top-20 city candidate review,manual identity and origin review,Spotify uses the former name This Town Needs Guns.,18,UK560F,Oxford,2024,606748,OECD/EU Functional Urban Area,https://data-explorer.oecd.org/vis?df%5Bag%5D=OECD.CFE.EDS&df%5Bds%5D=dsDisseminateFinalDMZ&df%5Bid%5D=DSD_FUA_DEMO%40DF_AGE_SEX&lc=en,True,TTNG,Oxford,TTNG,88106,131854,0,2026-07-18T20:40:00.993779+00:00,Spotify web-player queryArtistOverview,undocumented read-only web-client endpoint
The Candyskins,Oxford,Oxford,reviewed,manual_review,https://open.spotify.com/artist/4o0ptlsLWeQDDMutHwPA20,,4o0ptlsLWeQDDMutHwPA20,The Candyskins,The Candyskins,e22f62ae-c3b7-419e-b9c0-9958f0f97854,,top-20 city candidate review,manual identity review,Spotify biography identifies the Oxford band.,18,UK560F,Oxford,2024,606748,OECD/EU Functional Urban Area,https://data-explorer.oecd.org/vis?df%5Bag%5D=OECD.CFE.EDS&df%5Bds%5D=dsDisseminateFinalDMZ&df%5Bid%5D=DSD_FUA_DEMO%40DF_AGE_SEX&lc=en,True,The Candyskins,Oxford,The Candyskins,1966,2467,0,2026-07-18T20:40:00.993779+00:00,Spotify web-player queryArtistOverview,undocumented read-only web-client endpoint
Benefits,Middlesbrough,Teesside,reviewed,manual_review,https://www.benefitstheband.com/copy-of-home,,5nrO8X72nFeyu3sqYIkskQ,Benefits,Benefits,e80c1c9f-fbc7-410a-9c51-b0362eeca38b,,top-20 city candidate review,manual identity and origin review,Official biography describes the group as Teesside agitators.,19,UK559F,Middlesbrough,2024,600369,OECD/EU Functional Urban Area,https://data-explorer.oecd.org/vis?df%5Bag%5D=OECD.CFE.EDS&df%5Bds%5D=dsDisseminateFinalDMZ&df%5Bid%5D=DSD_FUA_DEMO%40DF_AGE_SEX&lc=en,True,Benefits,Middlesbrough,Benefits,2329,8150,0,2026-07-18T20:40:00.993779+00:00,Spotify web-player queryArtistOverview,undocumented read-only web-client endpoint
Cape Cub,Middlesbrough,Middlesbrough,reviewed,manual_review,https://open.spotify.com/artist/4xbJS00sHh5wBd5nYgsk8z,,4xbJS00sHh5wBd5nYgsk8z,,Cape Cub,,,top-20 city candidate review,manual identity and origin review,North-east act retained from the Middlesbrough editorial review.,19,UK559F,Middlesbrough,2024,600369,OECD/EU Functional Urban Area,https://data-explorer.oecd.org/vis?df%5Bag%5D=OECD.CFE.EDS&df%5Bds%5D=dsDisseminateFinalDMZ&df%5Bid%5D=DSD_FUA_DEMO%40DF_AGE_SEX&lc=en,True,Cape Cub,Middlesbrough,Cape Cub,41082,14099,0,2026-07-18T20:40:00.993779+00:00,Spotify web-player queryArtistOverview,undocumented read-only web-client endpoint
Cattle & Cane,Middlesbrough,Middlesbrough,reviewed,manual_review,https://www.allmusic.com/artist/cattle-cane-mn0003092536,,6a1PrMzNmhNE8HrO8burHc,,Cattle & Cane,,,top-20 city candidate review,manual identity and origin review,AllMusic gives Middlesbrough as formation place.,19,UK559F,Middlesbrough,2024,600369,OECD/EU Functional Urban Area,https://data-explorer.oecd.org/vis?df%5Bag%5D=OECD.CFE.EDS&df%5Bds%5D=dsDisseminateFinalDMZ&df%5Bid%5D=DSD_FUA_DEMO%40DF_AGE_SEX&lc=en,True,Cattle & Cane,Middlesbrough,Cattle & Cane,66558,10989,0,2026-07-18T20:40:00.993779+00:00,Spotify web-player queryArtistOverview,undocumented read-only web-client endpoint
Collectors Club,Middlesbrough,Middlesbrough,reviewed,manual_review,https://en.wikipedia.org/wiki/Collectors_Club,,4J5IRxSvhATb5y1Jv8dZdI,,Collectors Club,,,top-20 city candidate review,manual identity and origin review,Formed as a Middlesbrough sixth-form band.,19,UK559F,Middlesbrough,2024,600369,OECD/EU Functional Urban Area,https://data-explorer.oecd.org/vis?df%5Bag%5D=OECD.CFE.EDS&df%5Bds%5D=dsDisseminateFinalDMZ&df%5Bid%5D=DSD_FUA_DEMO%40DF_AGE_SEX&lc=en,True,Collectors Club,Middlesbrough,Collectors Club,14,398,0,2026-07-18T20:40:00.993779+00:00,Spotify web-player queryArtistOverview,undocumented read-only web-client endpoint
Das Wanderlust,Middlesbrough,Middlesbrough,reviewed,manual_review,https://www.allgigs.co.uk/view/artist/54759/Das_Wanderlust.html,,7Bc71APQFDwBuhFgyq617o,,Das Wanderlust,,,top-20 city candidate review,manual replacement,Replaced an ambiguous Spotify identity with a documented Middlesbrough band.,19,UK559F,Middlesbrough,2024,600369,OECD/EU Functional Urban Area,https://data-explorer.oecd.org/vis?df%5Bag%5D=OECD.CFE.EDS&df%5Bds%5D=dsDisseminateFinalDMZ&df%5Bid%5D=DSD_FUA_DEMO%40DF_AGE_SEX&lc=en,True,Das Wanderlust,Middlesbrough,Das Wanderlust,4,56,0,2026-07-18T20:40:00.993779+00:00,Spotify web-player queryArtistOverview,undocumented read-only web-client endpoint
Mouses,Middlesbrough,Billingham,reviewed,manual_review,https://narcmagazine.com/interview-mouses-2/,,4zCHl1iYtjNLcbAAmuPhKX,,Mouses,,,top-20 city candidate review,manual identity and origin review,Billingham is within the Middlesbrough Functional Urban Area.,19,UK559F,Middlesbrough,2024,600369,OECD/EU Functional Urban Area,https://data-explorer.oecd.org/vis?df%5Bag%5D=OECD.CFE.EDS&df%5Bds%5D=dsDisseminateFinalDMZ&df%5Bid%5D=DSD_FUA_DEMO%40DF_AGE_SEX&lc=en,True,Mouses,Middlesbrough,Mouses,85,850,0,2026-07-18T20:40:00.993779+00:00,Spotify web-player queryArtistOverview,undocumented read-only web-client endpoint
The Chapman Family,Middlesbrough,Stockton-on-Tees,reviewed,manual_review,https://musicbrainz.org/artist/fed965be-1b9d-432b-9954-7f7e1b720a79,,3JDtBazV1J60MlLCXPf0xk,The Chapman Family,The Chapman Family,fed965be-1b9d-432b-9954-7f7e1b720a79,,top-20 city candidate review,manual identity and origin review,MusicBrainz formation evidence retained with explicit Spotify identity.,19,UK559F,Middlesbrough,2024,600369,OECD/EU Functional Urban Area,https://data-explorer.oecd.org/vis?df%5Bag%5D=OECD.CFE.EDS&df%5Bds%5D=dsDisseminateFinalDMZ&df%5Bid%5D=DSD_FUA_DEMO%40DF_AGE_SEX&lc=en,True,The Chapman Family,Middlesbrough,The Chapman Family,142,620,0,2026-07-18T20:40:00.993779+00:00,Spotify web-player queryArtistOverview,undocumented read-only web-client endpoint
The Flaming Mussolinis,Middlesbrough,Middlesbrough,reviewed,manual_review,https://en.wikipedia.org/wiki/The_Flaming_Mussolinis,,7DMTNRuX4yxSzVMyP5H2be,,The Flaming Mussolinis,,,top-20 city candidate review,manual replacement,Replaced a candidate without a verified Spotify identity.,19,UK559F,Middlesbrough,2024,600369,OECD/EU Functional Urban Area,https://data-explorer.oecd.org/vis?df%5Bag%5D=OECD.CFE.EDS&df%5Bds%5D=dsDisseminateFinalDMZ&df%5Bid%5D=DSD_FUA_DEMO%40DF_AGE_SEX&lc=en,True,The Flaming Mussolinis,Middlesbrough,The Flaming Mussolinis,129,207,0,2026-07-18T20:40:00.993779+00:00,Spotify web-player queryArtistOverview,undocumented read-only web-client endpoint
The Young'uns,Middlesbrough,Stockton-on-Tees,reviewed,manual_review,https://theyounguns.co.uk/about,,1yyXgzBSMpwYqd2GZN4OCS,The Young’uns,The Young'uns,852cc088-62ca-4b15-b36c-6c5e854f7b5a,,top-20 city candidate review,manual identity and origin review,Stockton is within the Middlesbrough Functional Urban Area.,19,UK559F,Middlesbrough,2024,600369,OECD/EU Functional Urban Area,https://data-explorer.oecd.org/vis?df%5Bag%5D=OECD.CFE.EDS&df%5Bds%5D=dsDisseminateFinalDMZ&df%5Bid%5D=DSD_FUA_DEMO%40DF_AGE_SEX&lc=en,True,The Young'uns,Middlesbrough,The Young'uns,8757,10511,0,2026-07-18T20:40:00.993779+00:00,Spotify web-player queryArtistOverview,undocumented read-only web-client endpoint
Young Rebel Set,Middlesbrough,Stockton-on-Tees,reviewed,exact,https://musicbrainz.org/artist/7b2aeb3f-c51f-4b35-8f38-54bdbab7a8a9,high,3tJb7sqk201WZ0bT0pJxeM,Young Rebel Set,Young Rebel Set,7b2aeb3f-c51f-4b35-8f38-54bdbab7a8a9,,top-20 city candidate review,editorial candidate,,19,UK559F,Middlesbrough,2024,600369,OECD/EU Functional Urban Area,https://data-explorer.oecd.org/vis?df%5Bag%5D=OECD.CFE.EDS&df%5Bds%5D=dsDisseminateFinalDMZ&df%5Bid%5D=DSD_FUA_DEMO%40DF_AGE_SEX&lc=en,True,Young Rebel Set,Middlesbrough,Young Rebel Set,19277,13939,0,2026-07-18T20:40:00.993779+00:00,Spotify web-player queryArtistOverview,undocumented read-only web-client endpoint
Acres,Portsmouth,Portsmouth,reviewed,manual_review,https://en.wikipedia.org/wiki/Acres_%28band%29,,3y43zXffnLmhyQD1K4QCmD,,Acres,,,top-20 city candidate review,manual replacement,Replaced an unresolved same-name artist with a documented Portsmouth band.,20,UK023F,Portsmouth,2024,539655,OECD/EU Functional Urban Area,https://data-explorer.oecd.org/vis?df%5Bag%5D=OECD.CFE.EDS&df%5Bds%5D=dsDisseminateFinalDMZ&df%5Bid%5D=DSD_FUA_DEMO%40DF_AGE_SEX&lc=en,True,Acres,Portsmouth,Acres,186002,59117,0,2026-07-18T20:40:00.993779+00:00,Spotify web-player queryArtistOverview,undocumented read-only web-client endpoint
Battery Hens,Portsmouth,Portsmouth,reviewed,manual_review,https://batteryhens.bandcamp.com/album/battery-hens-ep,,5C7dAXgTF5TguTFJaAn3KN,,Battery Hens,,,top-20 city candidate review,manual identity and origin review,Official Bandcamp describes the act as Portsmouth-based.,20,UK023F,Portsmouth,2024,539655,OECD/EU Functional Urban Area,https://data-explorer.oecd.org/vis?df%5Bag%5D=OECD.CFE.EDS&df%5Bds%5D=dsDisseminateFinalDMZ&df%5Bid%5D=DSD_FUA_DEMO%40DF_AGE_SEX&lc=en,True,Battery Hens,Portsmouth,Battery Hens,3,33,0,2026-07-18T20:40:00.993779+00:00,Spotify web-player queryArtistOverview,undocumented read-only web-client endpoint
Cranes,Portsmouth,Portsmouth,reviewed,exact,https://musicbrainz.org/artist/f6dfc44d-5da4-4ed1-949b-32715630dff4,high,5q2ehaRqAFmM6tLl4vaVwP,Cranes,Cranes,f6dfc44d-5da4-4ed1-949b-32715630dff4,,top-20 city candidate review,editorial candidate,Explicit Spotify identifier required because the name is ambiguous.,20,UK023F,Portsmouth,2024,539655,OECD/EU Functional Urban Area,https://data-explorer.oecd.org/vis?df%5Bag%5D=OECD.CFE.EDS&df%5Bds%5D=dsDisseminateFinalDMZ&df%5Bid%5D=DSD_FUA_DEMO%40DF_AGE_SEX&lc=en,True,Cranes,Portsmouth,Cranes,79188,93932,0,2026-07-18T20:40:00.993779+00:00,Spotify web-player queryArtistOverview,undocumented read-only web-client endpoint
Crystal Tides,Portsmouth,Portsmouth,reviewed,manual_review,https://www.port.ac.uk/news-events-and-blogs/blogs/participation-and-performance/local-band-crystal-tides-record-debut-album-at-the-university-of-portsmouth-studios,,5a94ihfgkkItCundHIPxP4,,Crystal Tides,,,top-20 city candidate review,manual identity and origin review,University of Portsmouth describes the group as a local band.,20,UK023F,Portsmouth,2024,539655,OECD/EU Functional Urban Area,https://data-explorer.oecd.org/vis?df%5Bag%5D=OECD.CFE.EDS&df%5Bds%5D=dsDisseminateFinalDMZ&df%5Bid%5D=DSD_FUA_DEMO%40DF_AGE_SEX&lc=en,True,Crystal Tides,Portsmouth,Crystal Tides,13820,8664,0,2026-07-18T20:40:00.993779+00:00,Spotify web-player queryArtistOverview,undocumented read-only web-client endpoint
Emptifish,Portsmouth,Portsmouth,reviewed,manual_review,https://musicbrainz.org/artist/c135a966-9280-4925-958d-48016551e042,,5DqwyRAxgS6l8FUkGRLvYZ,Emptifish,Emptifish,c135a966-9280-4925-958d-48016551e042,,top-20 city candidate review,manual identity and origin review,MusicBrainz formation evidence retained with explicit Spotify identity.,20,UK023F,Portsmouth,2024,539655,OECD/EU Functional Urban Area,https://data-explorer.oecd.org/vis?df%5Bag%5D=OECD.CFE.EDS&df%5Bds%5D=dsDisseminateFinalDMZ&df%5Bid%5D=DSD_FUA_DEMO%40DF_AGE_SEX&lc=en,True,Emptifish,Portsmouth,Emptifish,89,307,0,2026-07-18T20:40:00.993779+00:00,Spotify web-player queryArtistOverview,undocumented read-only web-client endpoint
Hallan,Portsmouth,Portsmouth,reviewed,manual_review,https://hotvox.co.uk/artist/hallan/,,2cVFmKTidTQi4wVOWYcWi6,Hallan,Hallan,a36f921f-c30b-4ae5-8255-e1743d5b64e4,,top-20 city candidate review,manual identity and origin review,Portsmouth-origin post-punk band.,20,UK023F,Portsmouth,2024,539655,OECD/EU Functional Urban Area,https://data-explorer.oecd.org/vis?df%5Bag%5D=OECD.CFE.EDS&df%5Bds%5D=dsDisseminateFinalDMZ&df%5Bid%5D=DSD_FUA_DEMO%40DF_AGE_SEX&lc=en,True,Hallan,Portsmouth,Hallan,5150,6659,0,2026-07-18T20:40:00.993779+00:00,Spotify web-player queryArtistOverview,undocumented read-only web-client endpoint
Is Bliss,Portsmouth,Portsmouth,reviewed,manual_review,https://www.fredperry.com/eu-pt/subculture/articles/is-bliss,,214LZis6BGqavismw079Yg,,Is Bliss,,,top-20 city candidate review,manual identity and origin review,Portsmouth-based trio.,20,UK023F,Portsmouth,2024,539655,OECD/EU Functional Urban Area,https://data-explorer.oecd.org/vis?df%5Bag%5D=OECD.CFE.EDS&df%5Bds%5D=dsDisseminateFinalDMZ&df%5Bid%5D=DSD_FUA_DEMO%40DF_AGE_SEX&lc=en,True,Is Bliss,Portsmouth,Is Bliss,406,1752,0,2026-07-18T20:40:00.993779+00:00,Spotify web-player queryArtistOverview,undocumented read-only web-client endpoint
Ivyrise,Portsmouth,Portsmouth,reviewed,manual_review,https://en.wikipedia.org/wiki/Ivyrise,,3Cpe6aAAVacasDfOQgb3fq,,Ivyrise,,,top-20 city candidate review,manual replacement,Replaced an ambiguous Spotify identity with a documented Portsmouth-origin band.,20,UK023F,Portsmouth,2024,539655,OECD/EU Functional Urban Area,https://data-explorer.oecd.org/vis?df%5Bag%5D=OECD.CFE.EDS&df%5Bds%5D=dsDisseminateFinalDMZ&df%5Bid%5D=DSD_FUA_DEMO%40DF_AGE_SEX&lc=en,True,Ivyrise,Portsmouth,Ivyrise,62449,1946,0,2026-07-18T20:40:00.993779+00:00,Spotify web-player queryArtistOverview,undocumented read-only web-client endpoint
Kassassin Street,Portsmouth,Southsea,reviewed,manual_review,https://www.victoriousfestival.co.uk/2016/08/2090/,,76aX6lwh5f4lhzUQpHmXwH,,Kassassin Street,,,top-20 city candidate review,manual identity and origin review,Southsea is within the Portsmouth Functional Urban Area.,20,UK023F,Portsmouth,2024,539655,OECD/EU Functional Urban Area,https://data-explorer.oecd.org/vis?df%5Bag%5D=OECD.CFE.EDS&df%5Bds%5D=dsDisseminateFinalDMZ&df%5Bid%5D=DSD_FUA_DEMO%40DF_AGE_SEX&lc=en,True,Kassassin Street,Portsmouth,Kassassin Street,466,2391,0,2026-07-18T20:40:00.993779+00:00,Spotify web-player queryArtistOverview,undocumented read-only web-client endpoint
The Strange Death of Liberal England,Portsmouth,Portsmouth,reviewed,manual_review,https://musicbrainz.org/artist/83fb85cb-7242-41f6-8aef-64454fcecca5,,5Sj1C0yicWZVw7ZqbuzNwg,The Strange Death of Liberal England,The Strange Death of Liberal England,83fb85cb-7242-41f6-8aef-64454fcecca5,,top-20 city candidate review,manual identity and origin review,MusicBrainz formation evidence retained with explicit Spotify identity.,20,UK023F,Portsmouth,2024,539655,OECD/EU Functional Urban Area,https://data-explorer.oecd.org/vis?df%5Bag%5D=OECD.CFE.EDS&df%5Bds%5D=dsDisseminateFinalDMZ&df%5Bid%5D=DSD_FUA_DEMO%40DF_AGE_SEX&lc=en,True,The Strange Death of Liberal England,Portsmouth,The Strange Death Of Liberal England,142,534,0,2026-07-18T20:40:00.993779+00:00,Spotify web-player queryArtistOverview,undocumented read-only web-client endpoint
